Date,Last Price
20/04/2022,21.19
19/04/2022,21.37
18/04/2022,22.17
14/04/2022,22.7
13/04/2022,21.82
12/04/2022,24.26
11/04/2022,24.37
08/04/2022,21.16
07/04/2022,21.55
06/04/2022,22.1
05/04/2022,21.03
04/04/2022,18.57
01/04/2022,19.63
31/03/2022,20.56
30/03/2022,19.33
29/03/2022,18.9
28/03/2022,19.63
25/03/2022,20.81
24/03/2022,21.67
23/03/2022,23.57
22/03/2022,22.94
21/03/2022,23.53
18/03/2022,23.87
17/03/2022,25.67
16/03/2022,26.67
15/03/2022,29.83
14/03/2022,31.77
11/03/2022,30.75
10/03/2022,30.23
09/03/2022,32.45
08/03/2022,35.13
07/03/2022,36.45
04/03/2022,31.98
03/03/2022,30.48
02/03/2022,30.74
01/03/2022,33.32
28/02/2022,30.15
25/02/2022,27.59
24/02/2022,30.32
23/02/2022,31.02
22/02/2022,28.81
18/02/2022,27.75
17/02/2022,28.11
16/02/2022,24.29
15/02/2022,25.7
14/02/2022,28.33
11/02/2022,27.36
10/02/2022,23.91
09/02/2022,19.96
08/02/2022,21.44
07/02/2022,22.86
04/02/2022,23.22
03/02/2022,24.35
02/02/2022,22.09
01/02/2022,21.96
31/01/2022,24.83
28/01/2022,27.66
27/01/2022,30.49
26/01/2022,31.96
25/01/2022,31.16
24/01/2022,29.9
21/01/2022,28.85
20/01/2022,25.59
19/01/2022,23.85
18/01/2022,22.79
14/01/2022,19.19
13/01/2022,20.31
12/01/2022,17.62
11/01/2022,18.41
10/01/2022,19.4
07/01/2022,18.76
06/01/2022,19.61
05/01/2022,19.73
04/01/2022,16.91
03/01/2022,16.6
31/12/2021,17.22
30/12/2021,17.33
29/12/2021,16.95
28/12/2021,17.54
27/12/2021,17.68
23/12/2021,17.96
22/12/2021,18.63
21/12/2021,21.01
20/12/2021,22.87
17/12/2021,21.57
16/12/2021,20.57
15/12/2021,19.29
14/12/2021,21.89
13/12/2021,20.31
10/12/2021,18.69
09/12/2021,21.58
08/12/2021,19.9
07/12/2021,21.89
06/12/2021,27.18
03/12/2021,30.67
02/12/2021,27.95
01/12/2021,31.12
30/11/2021,27.19
29/11/2021,22.96
26/11/2021,28.62
24/11/2021,18.58
23/11/2021,19.38
22/11/2021,19.17
19/11/2021,17.91
18/11/2021,17.59
17/11/2021,17.11
16/11/2021,16.37
15/11/2021,16.49
12/11/2021,16.29
11/11/2021,17.66
10/11/2021,18.73
09/11/2021,17.78
08/11/2021,17.22
05/11/2021,16.48
04/11/2021,15.44
03/11/2021,15.1
02/11/2021,16.03
01/11/2021,16.41
29/10/2021,16.26
28/10/2021,16.53
27/10/2021,16.98
26/10/2021,15.98
25/10/2021,15.24
22/10/2021,15.43
21/10/2021,15.01
20/10/2021,15.49
19/10/2021,15.7
18/10/2021,16.31
15/10/2021,16.3
14/10/2021,16.86
13/10/2021,18.64
12/10/2021,19.85
11/10/2021,20
08/10/2021,18.77
07/10/2021,19.54
06/10/2021,21
05/10/2021,21.3
04/10/2021,22.96
01/10/2021,21.15
30/09/2021,23.14
29/09/2021,22.56
28/09/2021,23.25
27/09/2021,18.76
24/09/2021,17.75
23/09/2021,18.63
22/09/2021,20.87
21/09/2021,24.36
20/09/2021,25.71
17/09/2021,20.81
16/09/2021,18.69
15/09/2021,18.18
14/09/2021,19.46
13/09/2021,19.37
10/09/2021,20.95
09/09/2021,18.8
08/09/2021,17.96
07/09/2021,18.14
03/09/2021,16.41
02/09/2021,16.41
01/09/2021,16.11
31/08/2021,16.48
30/08/2021,16.19
27/08/2021,16.39
26/08/2021,18.84
25/08/2021,16.79
24/08/2021,17.22
23/08/2021,17.15
20/08/2021,18.56
19/08/2021,21.67
18/08/2021,21.57
17/08/2021,17.91
16/08/2021,16.12
13/08/2021,15.45
12/08/2021,15.59
11/08/2021,16.06
10/08/2021,16.79
09/08/2021,16.72
06/08/2021,16.15
05/08/2021,17.28
04/08/2021,17.97
03/08/2021,18.04
02/08/2021,19.46
30/07/2021,18.24
29/07/2021,17.7
28/07/2021,18.31
27/07/2021,19.36
26/07/2021,17.58
23/07/2021,17.2
22/07/2021,17.69
21/07/2021,17.91
20/07/2021,19.73
19/07/2021,22.5
16/07/2021,18.45
15/07/2021,17.01
14/07/2021,16.33
13/07/2021,17.12
12/07/2021,16.17
09/07/2021,16.18
08/07/2021,19
07/07/2021,16.2
06/07/2021,16.44
02/07/2021,15.07
01/07/2021,15.48
30/06/2021,15.83
29/06/2021,16.02
28/06/2021,15.76
25/06/2021,15.62
24/06/2021,15.97
23/06/2021,16.32
22/06/2021,16.66
21/06/2021,17.89
18/06/2021,20.7
17/06/2021,17.75
16/06/2021,18.15
15/06/2021,17.02
14/06/2021,16.39
11/06/2021,15.65
10/06/2021,16.1
09/06/2021,17.89
08/06/2021,17.07
07/06/2021,16.42
04/06/2021,16.42
03/06/2021,18.04
02/06/2021,17.48
01/06/2021,17.9
28/05/2021,16.76
27/05/2021,16.74
26/05/2021,17.36
25/05/2021,18.84
24/05/2021,18.4
21/05/2021,20.15
20/05/2021,20.67
19/05/2021,22.18
18/05/2021,21.34
17/05/2021,19.72
14/05/2021,18.81
13/05/2021,23.13
12/05/2021,27.59
11/05/2021,21.84
10/05/2021,19.66
07/05/2021,16.69
06/05/2021,18.39
05/05/2021,19.15
04/05/2021,19.48
03/05/2021,18.31
30/04/2021,18.61
29/04/2021,17.61
28/04/2021,17.28
27/04/2021,17.56
26/04/2021,17.64
23/04/2021,17.33
22/04/2021,18.71
21/04/2021,17.5
20/04/2021,18.68
19/04/2021,17.29
16/04/2021,16.25
15/04/2021,16.57
14/04/2021,16.99
13/04/2021,16.65
12/04/2021,16.91
09/04/2021,16.69
08/04/2021,16.95
07/04/2021,17.16
06/04/2021,18.12
05/04/2021,17.91
01/04/2021,17.33
31/03/2021,19.4
30/03/2021,19.61
29/03/2021,20.74
26/03/2021,18.86
25/03/2021,19.81
24/03/2021,21.2
23/03/2021,20.3
22/03/2021,18.88
19/03/2021,20.95
18/03/2021,21.58
17/03/2021,19.23
16/03/2021,19.79
15/03/2021,20.03
12/03/2021,20.69
11/03/2021,21.91
10/03/2021,22.56
09/03/2021,24.03
08/03/2021,25.47
05/03/2021,24.66
04/03/2021,28.57
03/03/2021,26.67
02/03/2021,24.1
01/03/2021,23.35
26/02/2021,27.95
25/02/2021,28.89
24/02/2021,21.34
23/02/2021,23.11
22/02/2021,23.45
19/02/2021,22.05
18/02/2021,22.49
17/02/2021,21.5
16/02/2021,21.46
12/02/2021,19.97
11/02/2021,21.25
10/02/2021,21.99
09/02/2021,21.63
08/02/2021,21.24
05/02/2021,20.87
04/02/2021,21.77
03/02/2021,22.91
02/02/2021,25.56
01/02/2021,30.24
29/01/2021,33.09
28/01/2021,30.21
27/01/2021,37.21
26/01/2021,23.02
25/01/2021,23.19
22/01/2021,21.91
21/01/2021,21.32
20/01/2021,21.58
19/01/2021,23.24
15/01/2021,24.34
14/01/2021,23.25
13/01/2021,22.21
12/01/2021,23.33
11/01/2021,24.08
08/01/2021,21.56
07/01/2021,22.37
06/01/2021,25.07
05/01/2021,25.34
04/01/2021,26.97
31/12/2020,22.75
30/12/2020,22.77
29/12/2020,23.08
28/12/2020,21.7
24/12/2020,21.53
23/12/2020,23.31
22/12/2020,24.23
21/12/2020,25.16
18/12/2020,21.57
17/12/2020,21.93
16/12/2020,22.5
15/12/2020,22.89
14/12/2020,24.72
11/12/2020,23.31
10/12/2020,22.52
09/12/2020,22.27
08/12/2020,20.68
07/12/2020,21.3
04/12/2020,20.79
03/12/2020,21.28
02/12/2020,21.17
01/12/2020,20.77
30/11/2020,20.57
27/11/2020,20.84
25/11/2020,21.25
24/11/2020,21.64
23/11/2020,22.66
20/11/2020,23.7
19/11/2020,23.11
18/11/2020,23.84
17/11/2020,22.71
16/11/2020,22.45
13/11/2020,23.1
12/11/2020,25.35
11/11/2020,23.45
10/11/2020,24.8
09/11/2020,25.75
06/11/2020,24.86
05/11/2020,27.58
04/11/2020,29.57
03/11/2020,35.55
02/11/2020,37.13
30/10/2020,38.02
29/10/2020,37.59
28/10/2020,40.28
27/10/2020,33.35
26/10/2020,32.46
23/10/2020,27.55
22/10/2020,28.11
21/10/2020,28.65
20/10/2020,29.35
19/10/2020,29.18
16/10/2020,27.41
15/10/2020,26.97
14/10/2020,26.4
13/10/2020,26.07
12/10/2020,25.07
09/10/2020,25
08/10/2020,26.36
07/10/2020,28.06
06/10/2020,29.48
05/10/2020,27.96
02/10/2020,27.63
01/10/2020,26.7
30/09/2020,26.37
29/09/2020,26.27
28/09/2020,26.19
25/09/2020,26.38
24/09/2020,28.51
23/09/2020,28.58
22/09/2020,26.86
21/09/2020,27.78
18/09/2020,25.83
17/09/2020,26.46
16/09/2020,26.04
15/09/2020,25.59
14/09/2020,25.85
11/09/2020,26.87
10/09/2020,29.71
09/09/2020,28.81
08/09/2020,31.46
04/09/2020,30.75
03/09/2020,33.6
02/09/2020,26.57
01/09/2020,26.12
31/08/2020,26.41
28/08/2020,22.96
27/08/2020,24.47
26/08/2020,23.27
25/08/2020,22.03
24/08/2020,22.37
21/08/2020,22.54
20/08/2020,22.72
19/08/2020,22.54
18/08/2020,21.51
17/08/2020,21.35
14/08/2020,22.05
13/08/2020,22.13
12/08/2020,22.28
11/08/2020,24.03
10/08/2020,22.13
07/08/2020,22.21
06/08/2020,22.65
05/08/2020,22.99
04/08/2020,23.76
03/08/2020,24.28
31/07/2020,24.46
30/07/2020,24.76
29/07/2020,24.1
28/07/2020,25.44
27/07/2020,24.74
24/07/2020,25.84
23/07/2020,26.08
22/07/2020,24.32
21/07/2020,24.84
20/07/2020,24.46
17/07/2020,25.68
16/07/2020,28
15/07/2020,27.76
14/07/2020,29.52
13/07/2020,32.19
10/07/2020,27.29
09/07/2020,29.26
08/07/2020,28.08
07/07/2020,29.43
06/07/2020,27.94
02/07/2020,27.68
01/07/2020,28.62
30/06/2020,30.43
29/06/2020,31.78
26/06/2020,34.73
25/06/2020,32.22
24/06/2020,33.84
23/06/2020,31.37
22/06/2020,31.77
19/06/2020,35.12
18/06/2020,32.94
17/06/2020,33.47
16/06/2020,33.67
15/06/2020,34.4
12/06/2020,36.09
11/06/2020,40.79
10/06/2020,27.57
09/06/2020,27.57
08/06/2020,25.81
05/06/2020,24.52
04/06/2020,25.81
03/06/2020,25.66
02/06/2020,26.84
01/06/2020,28.23
29/05/2020,27.51
28/05/2020,28.59
27/05/2020,27.62
26/05/2020,28.01
22/05/2020,28.16
21/05/2020,29.53
20/05/2020,27.99
19/05/2020,30.53
18/05/2020,29.3
15/05/2020,31.89
14/05/2020,32.61
13/05/2020,35.28
12/05/2020,33.04
11/05/2020,27.57
08/05/2020,27.98
07/05/2020,31.44
06/05/2020,34.12
05/05/2020,33.61
04/05/2020,35.97
01/05/2020,37.19
30/04/2020,34.15
29/04/2020,31.23
28/04/2020,33.57
27/04/2020,33.29
24/04/2020,35.93
23/04/2020,41.38
22/04/2020,41.98
21/04/2020,45.41
20/04/2020,43.83
17/04/2020,38.15
16/04/2020,40.11
15/04/2020,40.84
14/04/2020,37.76
13/04/2020,41.17
09/04/2020,41.67
08/04/2020,43.35
07/04/2020,46.7
06/04/2020,45.24
03/04/2020,46.8
02/04/2020,50.91
01/04/2020,57.06
31/03/2020,53.54
30/03/2020,57.08
27/03/2020,65.54
26/03/2020,61
25/03/2020,63.95
24/03/2020,61.67
23/03/2020,61.59
20/03/2020,66.04
19/03/2020,72
18/03/2020,76.45
17/03/2020,75.91
16/03/2020,82.69
13/03/2020,57.83
12/03/2020,75.47
11/03/2020,53.9
10/03/2020,47.3
09/03/2020,54.46
06/03/2020,41.94
05/03/2020,39.62
04/03/2020,31.99
03/03/2020,36.82
02/03/2020,33.42
28/02/2020,40.11
27/02/2020,39.16
26/02/2020,27.56
25/02/2020,27.85
24/02/2020,25.03
21/02/2020,17.08
20/02/2020,15.56
19/02/2020,14.38
18/02/2020,14.83
14/02/2020,13.68
13/02/2020,14.15
12/02/2020,13.74
11/02/2020,15.18
10/02/2020,15.04
07/02/2020,15.47
06/02/2020,14.96
05/02/2020,15.15
04/02/2020,16.05
03/02/2020,17.97
31/01/2020,18.84
30/01/2020,15.49
29/01/2020,16.39
28/01/2020,16.28
27/01/2020,18.23
24/01/2020,14.56
23/01/2020,12.98
22/01/2020,12.91
21/01/2020,12.85
17/01/2020,12.1
16/01/2020,12.32
15/01/2020,12.42
14/01/2020,12.39
13/01/2020,12.32
10/01/2020,12.56
09/01/2020,12.54
08/01/2020,13.45
07/01/2020,13.79
06/01/2020,13.85
03/01/2020,14.02
02/01/2020,12.47
31/12/2019,13.78
30/12/2019,14.82
27/12/2019,13.43
26/12/2019,12.65
24/12/2019,12.67
23/12/2019,12.61
20/12/2019,12.51
19/12/2019,12.5
18/12/2019,12.58
17/12/2019,12.29
16/12/2019,12.14
13/12/2019,12.63
12/12/2019,13.94
11/12/2019,14.99
10/12/2019,15.68
09/12/2019,15.86
06/12/2019,13.62
05/12/2019,14.52
04/12/2019,14.8
03/12/2019,15.96
02/12/2019,14.91
29/11/2019,12.62
27/11/2019,11.75
26/11/2019,11.54
25/11/2019,11.87
22/11/2019,12.34
21/11/2019,13.13
20/11/2019,12.78
19/11/2019,12.86
18/11/2019,12.46
15/11/2019,12.05
14/11/2019,13.05
13/11/2019,13
12/11/2019,12.68
11/11/2019,12.69
08/11/2019,12.07
07/11/2019,12.73
06/11/2019,12.62
05/11/2019,13.1
04/11/2019,12.83
01/11/2019,12.3
31/10/2019,13.22
30/10/2019,12.33
29/10/2019,13.2
28/10/2019,13.11
25/10/2019,12.65
24/10/2019,13.71
23/10/2019,14.01
22/10/2019,14.46
21/10/2019,14
18/10/2019,14.25
17/10/2019,13.79
16/10/2019,13.68
15/10/2019,13.54
14/10/2019,14.57
11/10/2019,15.58
10/10/2019,17.57
09/10/2019,18.64
08/10/2019,20.28
07/10/2019,17.86
04/10/2019,17.04
03/10/2019,19.12
02/10/2019,20.56
01/10/2019,18.56
30/09/2019,16.24
27/09/2019,17.22
26/09/2019,16.07
25/09/2019,15.96
24/09/2019,17.05
23/09/2019,14.91
20/09/2019,15.32
19/09/2019,14.05
18/09/2019,13.95
17/09/2019,14.44
16/09/2019,14.67
13/09/2019,13.74
12/09/2019,14.22
11/09/2019,14.61
10/09/2019,15.2
09/09/2019,15.27
06/09/2019,15
05/09/2019,16.27
04/09/2019,17.33
03/09/2019,19.66
30/08/2019,18.98
29/08/2019,17.88
28/08/2019,19.35
27/08/2019,20.31
26/08/2019,19.32
23/08/2019,19.87
22/08/2019,16.68
21/08/2019,15.8
20/08/2019,17.5
19/08/2019,16.88
16/08/2019,18.47
15/08/2019,21.18
14/08/2019,22.1
13/08/2019,17.52
12/08/2019,21.09
09/08/2019,17.97
08/08/2019,16.91
07/08/2019,19.49
06/08/2019,20.17
05/08/2019,24.59
02/08/2019,17.61
01/08/2019,17.87
31/07/2019,16.12
30/07/2019,13.94
29/07/2019,12.83
26/07/2019,12.16
25/07/2019,12.74
24/07/2019,12.07
23/07/2019,12.61
22/07/2019,13.53
19/07/2019,14.45
18/07/2019,13.53
17/07/2019,13.97
16/07/2019,12.86
15/07/2019,12.68
12/07/2019,12.39
11/07/2019,12.93
10/07/2019,13.03
09/07/2019,14.09
08/07/2019,13.96
05/07/2019,13.28
03/07/2019,12.57
02/07/2019,12.93
01/07/2019,14.06
28/06/2019,15.08
27/06/2019,15.82
26/06/2019,16.21
25/06/2019,16.28
24/06/2019,15.26
21/06/2019,15.4
20/06/2019,14.75
19/06/2019,14.33
18/06/2019,15.15
17/06/2019,15.35
14/06/2019,15.28
13/06/2019,15.82
12/06/2019,15.91
11/06/2019,15.99
10/06/2019,15.94
07/06/2019,16.3
06/06/2019,15.93
05/06/2019,16.09
04/06/2019,16.97
03/06/2019,18.86
31/05/2019,18.71
30/05/2019,17.3
29/05/2019,17.9
28/05/2019,17.5
24/05/2019,15.85
23/05/2019,16.92
22/05/2019,14.75
21/05/2019,14.95
20/05/2019,16.31
17/05/2019,15.96
16/05/2019,15.29
15/05/2019,16.44
14/05/2019,18.06
13/05/2019,20.55
10/05/2019,16.04
09/05/2019,19.1
08/05/2019,19.4
07/05/2019,19.32
06/05/2019,15.44
03/05/2019,12.87
02/05/2019,14.42
01/05/2019,14.8
30/04/2019,13.12
29/04/2019,13.11
26/04/2019,12.73
25/04/2019,13.25
24/04/2019,13.14
23/04/2019,12.28
22/04/2019,12.42
18/04/2019,12.09
17/04/2019,12.6
16/04/2019,12.18
15/04/2019,12.32
12/04/2019,12.01
11/04/2019,13.02
10/04/2019,13.3
09/04/2019,14.28
08/04/2019,13.18
05/04/2019,12.82
04/04/2019,13.58
03/04/2019,13.74
02/04/2019,13.36
01/04/2019,13.4
29/03/2019,13.71
28/03/2019,14.43
27/03/2019,15.15
26/03/2019,14.68
25/03/2019,16.33
22/03/2019,16.48
21/03/2019,13.63
20/03/2019,13.91
19/03/2019,13.56
18/03/2019,13.1
15/03/2019,12.88
14/03/2019,13.5
13/03/2019,13.41
12/03/2019,13.77
11/03/2019,14.33
08/03/2019,16.05
07/03/2019,16.59
06/03/2019,15.74
05/03/2019,14.74
04/03/2019,14.63
01/03/2019,13.57
28/02/2019,14.78
27/02/2019,14.7
26/02/2019,15.17
25/02/2019,14.85
22/02/2019,13.51
21/02/2019,14.46
20/02/2019,14.02
19/02/2019,14.88
15/02/2019,14.91
14/02/2019,16.22
13/02/2019,15.65
12/02/2019,15.43
11/02/2019,15.97
08/02/2019,15.72
07/02/2019,16.37
06/02/2019,15.38
05/02/2019,15.57
04/02/2019,15.73
01/02/2019,16.14
31/01/2019,16.57
30/01/2019,17.66
29/01/2019,19.13
28/01/2019,18.87
25/01/2019,17.42
24/01/2019,18.89
23/01/2019,19.52
22/01/2019,20.8
18/01/2019,17.8
17/01/2019,18.06
16/01/2019,19.04
15/01/2019,18.6
14/01/2019,19.07
11/01/2019,18.19
10/01/2019,19.5
09/01/2019,19.98
08/01/2019,20.47
07/01/2019,21.4
04/01/2019,21.38
03/01/2019,25.45
02/01/2019,23.22
31/12/2018,25.42
28/12/2018,28.34
27/12/2018,29.96
26/12/2018,30.41
24/12/2018,36.07
21/12/2018,30.11
20/12/2018,28.38
19/12/2018,25.58
18/12/2018,25.58
17/12/2018,24.52
14/12/2018,21.63
13/12/2018,20.65
12/12/2018,21.46
11/12/2018,21.76
10/12/2018,22.64
07/12/2018,23.23
06/12/2018,21.19
04/12/2018,20.74
03/12/2018,16.44
30/11/2018,18.07
29/11/2018,18.79
28/11/2018,18.49
27/11/2018,19.02
26/11/2018,18.9
23/11/2018,21.52
21/11/2018,20.8
20/11/2018,22.48
19/11/2018,20.1
16/11/2018,18.14
15/11/2018,19.98
14/11/2018,21.25
13/11/2018,20.02
12/11/2018,20.45
09/11/2018,17.36
08/11/2018,16.72
07/11/2018,16.36
06/11/2018,19.91
05/11/2018,19.96
02/11/2018,19.51
01/11/2018,19.34
31/10/2018,21.23
30/10/2018,23.35
29/10/2018,24.7
26/10/2018,24.16
25/10/2018,24.22
24/10/2018,25.23
23/10/2018,20.71
22/10/2018,19.64
19/10/2018,19.89
18/10/2018,20.06
17/10/2018,17.4
16/10/2018,17.62
15/10/2018,21.3
12/10/2018,21.31
11/10/2018,24.98
10/10/2018,22.96
09/10/2018,15.95
08/10/2018,15.69
05/10/2018,14.82
04/10/2018,14.22
03/10/2018,11.61
02/10/2018,12.05
01/10/2018,12
28/09/2018,12.12
27/09/2018,12.41
26/09/2018,12.89
25/09/2018,12.42
24/09/2018,12.2
21/09/2018,11.68
20/09/2018,11.8
19/09/2018,11.75
18/09/2018,12.79
17/09/2018,13.68
14/09/2018,12.07
13/09/2018,12.37
12/09/2018,13.14
11/09/2018,13.22
10/09/2018,14.16
07/09/2018,14.88
06/09/2018,14.65
05/09/2018,13.91
04/09/2018,13.16
31/08/2018,12.86
30/08/2018,13.53
29/08/2018,12.25
28/08/2018,12.5
27/08/2018,12.16
24/08/2018,11.99
23/08/2018,12.41
22/08/2018,12.25
21/08/2018,12.86
20/08/2018,12.49
17/08/2018,12.64
16/08/2018,13.45
15/08/2018,14.64
14/08/2018,13.31
13/08/2018,14.78
10/08/2018,13.16
09/08/2018,11.27
08/08/2018,10.85
07/08/2018,10.93
06/08/2018,11.27
03/08/2018,11.64
02/08/2018,12.19
01/08/2018,13.15
31/07/2018,12.83
30/07/2018,14.26
27/07/2018,13.03
26/07/2018,12.14
25/07/2018,12.29
24/07/2018,12.41
23/07/2018,12.62
20/07/2018,12.86
19/07/2018,12.87
18/07/2018,12.1
17/07/2018,12.06
16/07/2018,12.83
13/07/2018,12.18
12/07/2018,12.58
11/07/2018,13.63
10/07/2018,12.64
09/07/2018,12.69
06/07/2018,13.37
05/07/2018,14.97
03/07/2018,16.14
02/07/2018,15.6
29/06/2018,16.09
28/06/2018,16.85
27/06/2018,17.91
26/06/2018,15.92
25/06/2018,17.33
22/06/2018,13.77
21/06/2018,14.64
20/06/2018,12.79
19/06/2018,13.35
18/06/2018,12.31
15/06/2018,11.98
14/06/2018,12.12
13/06/2018,12.94
12/06/2018,12.34
11/06/2018,12.35
08/06/2018,12.18
07/06/2018,12.13
06/06/2018,11.64
05/06/2018,12.4
04/06/2018,12.74
01/06/2018,13.46
31/05/2018,15.43
30/05/2018,14.94
29/05/2018,17.02
25/05/2018,13.22
24/05/2018,12.53
23/05/2018,12.58
22/05/2018,13.22
21/05/2018,13.08
18/05/2018,13.42
17/05/2018,13.43
16/05/2018,13.42
15/05/2018,14.63
14/05/2018,12.93
11/05/2018,12.65
10/05/2018,13.23
09/05/2018,13.42
08/05/2018,14.71
07/05/2018,14.75
04/05/2018,14.77
03/05/2018,15.9
02/05/2018,15.97
01/05/2018,15.49
30/04/2018,15.93
27/04/2018,15.41
26/04/2018,16.24
25/04/2018,17.84
24/04/2018,18.02
23/04/2018,16.34
20/04/2018,16.88
19/04/2018,15.96
18/04/2018,15.6
17/04/2018,15.25
16/04/2018,16.56
13/04/2018,17.41
12/04/2018,18.49
11/04/2018,20.24
10/04/2018,20.47
09/04/2018,21.77
06/04/2018,21.49
05/04/2018,18.94
04/04/2018,20.06
03/04/2018,21.1
02/04/2018,23.62
29/03/2018,19.97
28/03/2018,22.87
27/03/2018,22.5
26/03/2018,21.03
23/03/2018,24.87
22/03/2018,23.34
21/03/2018,17.86
20/03/2018,18.2
19/03/2018,19.02
16/03/2018,15.8
15/03/2018,16.59
14/03/2018,17.23
13/03/2018,16.35
12/03/2018,15.78
09/03/2018,14.64
08/03/2018,16.54
07/03/2018,17.76
06/03/2018,18.36
05/03/2018,18.73
02/03/2018,19.59
01/03/2018,22.47
28/02/2018,19.85
27/02/2018,18.59
26/02/2018,15.8
23/02/2018,16.49
22/02/2018,18.72
21/02/2018,20.02
20/02/2018,20.6
16/02/2018,19.46
15/02/2018,19.13
14/02/2018,19.26
13/02/2018,24.97
12/02/2018,25.61
09/02/2018,29.06
08/02/2018,33.46
07/02/2018,27.73
06/02/2018,29.98
05/02/2018,37.32
02/02/2018,17.31
01/02/2018,13.47
31/01/2018,13.54
30/01/2018,14.79
29/01/2018,13.84
26/01/2018,11.08
25/01/2018,11.58
24/01/2018,11.47
23/01/2018,11.1
22/01/2018,11.03
19/01/2018,11.27
18/01/2018,12.22
17/01/2018,11.91
16/01/2018,11.66
12/01/2018,10.16
11/01/2018,9.88
10/01/2018,9.82
09/01/2018,10.08
08/01/2018,9.52
05/01/2018,9.22
04/01/2018,9.22
03/01/2018,9.15
02/01/2018,9.77
29/12/2017,11.04
28/12/2017,10.18
27/12/2017,10.47
26/12/2017,10.25
22/12/2017,9.9
21/12/2017,9.62
20/12/2017,9.72
19/12/2017,10.03
18/12/2017,9.53
15/12/2017,9.42
14/12/2017,10.49
13/12/2017,10.18
12/12/2017,9.92
11/12/2017,9.34
08/12/2017,9.58
07/12/2017,10.16
06/12/2017,11.02
05/12/2017,11.33
04/12/2017,11.68
01/12/2017,11.43
30/11/2017,11.28
29/11/2017,10.7
28/11/2017,10.03
27/11/2017,9.87
24/11/2017,9.67
22/11/2017,9.88
21/11/2017,9.73
20/11/2017,10.65
17/11/2017,11.43
16/11/2017,11.76
15/11/2017,13.13
14/11/2017,11.59
13/11/2017,11.5
10/11/2017,11.29
09/11/2017,10.5
08/11/2017,9.78
07/11/2017,9.89
06/11/2017,9.4
03/11/2017,9.14
02/11/2017,9.93
01/11/2017,10.2
31/10/2017,10.18
30/10/2017,10.5
27/10/2017,9.8
26/10/2017,11.3
25/10/2017,11.23
24/10/2017,11.16
23/10/2017,11.07
20/10/2017,9.97
19/10/2017,10.05
18/10/2017,10.07
17/10/2017,10.31
16/10/2017,9.91
13/10/2017,9.61
12/10/2017,9.91
11/10/2017,9.85
10/10/2017,10.08
09/10/2017,10.33
06/10/2017,9.65
05/10/2017,9.19
04/10/2017,9.63
03/10/2017,9.51
02/10/2017,9.45
29/09/2017,9.51
28/09/2017,9.55
27/09/2017,9.87
26/09/2017,10.17
25/09/2017,10.21
22/09/2017,9.59
21/09/2017,9.67
20/09/2017,9.78
19/09/2017,10.18
18/09/2017,10.15
15/09/2017,10.17
14/09/2017,10.44
13/09/2017,10.5
12/09/2017,10.58
11/09/2017,10.73
08/09/2017,12.12
07/09/2017,11.55
06/09/2017,11.63
05/09/2017,12.23
01/09/2017,10.13
31/08/2017,10.59
30/08/2017,11.22
29/08/2017,11.7
28/08/2017,11.32
25/08/2017,11.28
24/08/2017,12.23
23/08/2017,12.25
22/08/2017,11.35
21/08/2017,13.19
18/08/2017,14.26
17/08/2017,15.55
16/08/2017,11.74
15/08/2017,12.04
14/08/2017,12.33
11/08/2017,15.51
10/08/2017,16.04
09/08/2017,11.11
08/08/2017,10.96
07/08/2017,9.93
04/08/2017,10.03
03/08/2017,10.44
02/08/2017,10.28
01/08/2017,10.09
31/07/2017,10.26
28/07/2017,10.29
27/07/2017,10.11
26/07/2017,9.6
25/07/2017,9.43
24/07/2017,9.43
21/07/2017,9.36
20/07/2017,9.58
19/07/2017,9.79
18/07/2017,9.89
17/07/2017,9.82
14/07/2017,9.51
13/07/2017,9.9
12/07/2017,10.3
11/07/2017,10.89
10/07/2017,11.11
07/07/2017,11.19
06/07/2017,12.54
05/07/2017,11.07
03/07/2017,11.22
30/06/2017,11.18
29/06/2017,11.44
28/06/2017,10.03
27/06/2017,11.06
26/06/2017,9.9
23/06/2017,10.02
22/06/2017,10.48
21/06/2017,10.75
20/06/2017,10.86
19/06/2017,10.37
16/06/2017,10.38
15/06/2017,10.9
14/06/2017,10.64
13/06/2017,10.42
12/06/2017,11.46
09/06/2017,10.7
08/06/2017,10.16
07/06/2017,10.39
06/06/2017,10.45
05/06/2017,10.07
02/06/2017,9.75
01/06/2017,9.89
31/05/2017,10.41
30/05/2017,10.38
26/05/2017,9.81
25/05/2017,9.99
24/05/2017,10.02
23/05/2017,10.72
22/05/2017,10.93
19/05/2017,12.04
18/05/2017,14.66
17/05/2017,15.59
16/05/2017,10.65
15/05/2017,10.42
12/05/2017,10.4
11/05/2017,10.6
10/05/2017,10.21
09/05/2017,9.96
08/05/2017,9.77
05/05/2017,10.57
04/05/2017,10.46
03/05/2017,10.68
02/05/2017,10.59
01/05/2017,10.11
28/04/2017,10.82
27/04/2017,10.36
26/04/2017,10.85
25/04/2017,10.76
24/04/2017,10.84
21/04/2017,14.63
20/04/2017,14.15
19/04/2017,14.93
18/04/2017,14.42
17/04/2017,14.66
13/04/2017,15.96
12/04/2017,15.77
11/04/2017,15.07
10/04/2017,14.05
07/04/2017,12.87
06/04/2017,12.39
05/04/2017,12.89
04/04/2017,11.79
03/04/2017,12.38
31/03/2017,12.37
30/03/2017,11.54
29/03/2017,11.42
28/03/2017,11.53
27/03/2017,12.5
24/03/2017,12.96
23/03/2017,13.12
22/03/2017,12.81
21/03/2017,12.47
20/03/2017,11.34
17/03/2017,11.28
16/03/2017,11.21
15/03/2017,11.63
14/03/2017,12.3
13/03/2017,11.35
10/03/2017,11.66
09/03/2017,12.3
08/03/2017,11.86
07/03/2017,11.45
06/03/2017,11.24
03/03/2017,10.96
02/03/2017,11.81
01/03/2017,12.54
28/02/2017,12.92
27/02/2017,12.09
24/02/2017,11.47
23/02/2017,11.71
22/02/2017,11.74
21/02/2017,11.57
17/02/2017,11.49
16/02/2017,11.76
15/02/2017,11.97
14/02/2017,10.74
13/02/2017,11.07
10/02/2017,10.85
09/02/2017,10.88
08/02/2017,11.45
07/02/2017,11.29
06/02/2017,11.37
03/02/2017,10.97
02/02/2017,11.93
01/02/2017,11.81
31/01/2017,11.99
30/01/2017,11.88
27/01/2017,10.58
26/01/2017,10.63
25/01/2017,10.81
24/01/2017,11.07
23/01/2017,11.77
20/01/2017,11.54
19/01/2017,12.78
18/01/2017,12.48
17/01/2017,11.87
13/01/2017,11.23
12/01/2017,11.54
11/01/2017,11.26
10/01/2017,11.49
09/01/2017,11.56
06/01/2017,11.32
05/01/2017,11.67
04/01/2017,11.85
03/01/2017,12.85
30/12/2016,14.04
29/12/2016,13.37
28/12/2016,12.95
27/12/2016,11.99
23/12/2016,11.44
22/12/2016,11.43
21/12/2016,11.27
20/12/2016,11.45
19/12/2016,11.71
16/12/2016,12.2
15/12/2016,12.79
14/12/2016,13.19
13/12/2016,12.72
12/12/2016,12.64
09/12/2016,11.75
08/12/2016,12.64
07/12/2016,12.22
06/12/2016,11.79
05/12/2016,12.14
02/12/2016,14.12
01/12/2016,14.07
30/11/2016,13.33
29/11/2016,12.9
28/11/2016,13.15
25/11/2016,12.34
23/11/2016,12.43
22/11/2016,12.41
21/11/2016,12.42
18/11/2016,12.85
17/11/2016,13.35
16/11/2016,13.72
15/11/2016,13.37
14/11/2016,14.48
11/11/2016,14.17
10/11/2016,14.74
09/11/2016,14.38
08/11/2016,18.74
07/11/2016,18.71
04/11/2016,22.51
03/11/2016,22.08
02/11/2016,19.32
01/11/2016,18.56
31/10/2016,17.06
28/10/2016,16.19
27/10/2016,15.36
26/10/2016,14.24
25/10/2016,13.46
24/10/2016,13.02
21/10/2016,13.34
20/10/2016,13.75
19/10/2016,14.41
18/10/2016,15.28
17/10/2016,16.21
14/10/2016,16.12
13/10/2016,16.69
12/10/2016,15.91
11/10/2016,15.36
10/10/2016,13.38
07/10/2016,13.48
06/10/2016,12.84
05/10/2016,12.99
04/10/2016,13.63
03/10/2016,13.57
30/09/2016,13.29
29/09/2016,14.02
28/09/2016,12.39
27/09/2016,13.1
26/09/2016,14.5
23/09/2016,12.29
22/09/2016,12.02
21/09/2016,13.3
20/09/2016,15.92
19/09/2016,15.53
16/09/2016,15.37
15/09/2016,16.3
14/09/2016,18.14
13/09/2016,17.85
12/09/2016,15.16
09/09/2016,17.5
08/09/2016,12.51
07/09/2016,11.94
06/09/2016,12.02
02/09/2016,11.98
01/09/2016,13.48
31/08/2016,13.42
30/08/2016,13.12
29/08/2016,12.94
26/08/2016,13.65
25/08/2016,13.63
24/08/2016,13.45
23/08/2016,12.38
22/08/2016,12.27
19/08/2016,11.34
18/08/2016,11.43
17/08/2016,12.19
16/08/2016,12.64
15/08/2016,11.81
12/08/2016,11.55
11/08/2016,11.68
10/08/2016,12.05
09/08/2016,11.66
08/08/2016,11.5
05/08/2016,11.39
04/08/2016,12.42
03/08/2016,12.86
02/08/2016,13.37
01/08/2016,12.44
29/07/2016,11.87
28/07/2016,12.72
27/07/2016,12.83
26/07/2016,13.05
25/07/2016,12.87
22/07/2016,12.02
21/07/2016,12.74
20/07/2016,11.77
19/07/2016,11.97
18/07/2016,12.44
15/07/2016,12.67
14/07/2016,12.82
13/07/2016,13.04
12/07/2016,13.55
11/07/2016,13.54
08/07/2016,13.2
07/07/2016,14.76
06/07/2016,14.96
05/07/2016,15.58
01/07/2016,14.77
30/06/2016,15.63
29/06/2016,16.64
28/06/2016,18.75
27/06/2016,23.85
24/06/2016,25.76
23/06/2016,17.25
22/06/2016,21.17
21/06/2016,18.48
20/06/2016,18.37
17/06/2016,19.41
16/06/2016,19.37
15/06/2016,20.14
14/06/2016,20.5
13/06/2016,20.97
10/06/2016,17.03
09/06/2016,14.64
08/06/2016,14.08
07/06/2016,14.05
06/06/2016,13.65
03/06/2016,13.47
02/06/2016,13.63
01/06/2016,14.2
31/05/2016,14.19
27/05/2016,13.12
26/05/2016,13.43
25/05/2016,13.9
24/05/2016,14.42
23/05/2016,15.82
20/05/2016,15.2
19/05/2016,16.33
18/05/2016,15.95
17/05/2016,15.57
16/05/2016,14.68
13/05/2016,15.04
12/05/2016,14.41
11/05/2016,14.69
10/05/2016,13.63
09/05/2016,14.57
06/05/2016,14.72
05/05/2016,15.91
04/05/2016,16.05
03/05/2016,15.6
02/05/2016,14.68
29/04/2016,15.7
28/04/2016,15.22
27/04/2016,13.77
26/04/2016,13.96
25/04/2016,14.08
22/04/2016,13.22
21/04/2016,13.95
20/04/2016,13.28
19/04/2016,13.24
18/04/2016,13.35
15/04/2016,13.62
14/04/2016,13.72
13/04/2016,13.84
12/04/2016,14.85
11/04/2016,16.26
08/04/2016,15.36
07/04/2016,16.16
06/04/2016,14.09
05/04/2016,15.42
04/04/2016,14.12
01/04/2016,13.1
31/03/2016,13.95
30/03/2016,13.56
29/03/2016,13.82
28/03/2016,15.24
24/03/2016,14.74
23/03/2016,14.94
22/03/2016,14.17
21/03/2016,13.79
18/03/2016,14.02
17/03/2016,14.44
16/03/2016,14.99
15/03/2016,16.84
14/03/2016,16.92
11/03/2016,16.5
10/03/2016,18.05
09/03/2016,18.34
08/03/2016,18.67
07/03/2016,17.35
04/03/2016,16.86
03/03/2016,16.7
02/03/2016,17.09
01/03/2016,17.7
29/02/2016,20.55
26/02/2016,19.81
25/02/2016,19.11
24/02/2016,20.72
23/02/2016,20.98
22/02/2016,19.38
19/02/2016,20.53
18/02/2016,21.64
17/02/2016,22.31
16/02/2016,24.11
12/02/2016,25.4
11/02/2016,28.14
10/02/2016,26.29
09/02/2016,26.54
08/02/2016,26
05/02/2016,23.38
04/02/2016,21.84
03/02/2016,21.65
02/02/2016,21.98
01/02/2016,19.98
29/01/2016,20.2
28/01/2016,22.42
27/01/2016,23.11
26/01/2016,22.5
25/01/2016,24.15
22/01/2016,22.34
21/01/2016,26.69
20/01/2016,27.59
19/01/2016,26.05
15/01/2016,27.02
14/01/2016,23.95
13/01/2016,25.22
12/01/2016,22.47
11/01/2016,24.3
08/01/2016,27.01
07/01/2016,24.99
06/01/2016,20.59
05/01/2016,19.34
04/01/2016,20.7
31/12/2015,18.21
30/12/2015,17.29
29/12/2015,16.08
28/12/2015,16.91
24/12/2015,15.74
23/12/2015,15.57
22/12/2015,16.6
21/12/2015,18.7
18/12/2015,20.7
17/12/2015,18.94
16/12/2015,17.86
15/12/2015,20.95
14/12/2015,22.73
11/12/2015,24.39
10/12/2015,19.34
09/12/2015,19.61
08/12/2015,17.6
07/12/2015,15.84
04/12/2015,14.81
03/12/2015,18.11
02/12/2015,15.91
01/12/2015,14.67
30/11/2015,16.13
27/11/2015,15.12
25/11/2015,15.19
24/11/2015,15.93
23/11/2015,15.62
20/11/2015,15.47
19/11/2015,16.99
18/11/2015,16.85
17/11/2015,18.84
16/11/2015,18.16
13/11/2015,20.08
12/11/2015,18.37
11/11/2015,16.06
10/11/2015,15.29
09/11/2015,16.52
06/11/2015,14.33
05/11/2015,15.05
04/11/2015,15.51
03/11/2015,14.54
02/11/2015,14.15
30/10/2015,15.07
29/10/2015,14.61
28/10/2015,14.33
27/10/2015,15.43
26/10/2015,15.29
23/10/2015,14.46
22/10/2015,14.45
21/10/2015,16.7
20/10/2015,15.75
19/10/2015,14.98
16/10/2015,15.05
15/10/2015,16.05
14/10/2015,18.03
13/10/2015,17.67
12/10/2015,16.17
09/10/2015,17.08
08/10/2015,17.42
07/10/2015,18.4
06/10/2015,19.4
05/10/2015,19.54
02/10/2015,20.94
01/10/2015,22.55
30/09/2015,24.5
29/09/2015,26.83
28/09/2015,27.63
25/09/2015,23.62
24/09/2015,23.47
23/09/2015,22.13
22/09/2015,22.44
21/09/2015,20.14
18/09/2015,22.28
17/09/2015,21.14
16/09/2015,21.35
15/09/2015,22.54
14/09/2015,24.25
11/09/2015,23.2
10/09/2015,24.37
09/09/2015,26.23
08/09/2015,24.9
04/09/2015,27.8
03/09/2015,25.61
02/09/2015,26.09
01/09/2015,31.4
31/08/2015,28.43
28/08/2015,26.05
27/08/2015,26.1
26/08/2015,30.32
25/08/2015,36.02
24/08/2015,40.74
21/08/2015,28.03
20/08/2015,19.14
19/08/2015,15.25
18/08/2015,13.79
17/08/2015,13.02
14/08/2015,12.83
13/08/2015,13.49
12/08/2015,13.61
11/08/2015,13.71
10/08/2015,12.23
07/08/2015,13.39
06/08/2015,13.77
05/08/2015,12.51
04/08/2015,13
03/08/2015,12.56
31/07/2015,12.12
30/07/2015,12.13
29/07/2015,12.5
28/07/2015,13.44
27/07/2015,15.6
24/07/2015,13.74
23/07/2015,12.64
22/07/2015,12.12
21/07/2015,12.22
20/07/2015,12.25
17/07/2015,11.95
16/07/2015,12.11
15/07/2015,13.23
14/07/2015,13.37
13/07/2015,13.9
10/07/2015,16.83
09/07/2015,19.97
08/07/2015,19.66
07/07/2015,16.09
06/07/2015,17.01
02/07/2015,16.79
01/07/2015,16.09
30/06/2015,18.23
29/06/2015,18.85
26/06/2015,14.02
25/06/2015,14.01
24/06/2015,13.26
23/06/2015,12.11
22/06/2015,12.74
19/06/2015,13.96
18/06/2015,13.19
17/06/2015,14.5
16/06/2015,14.81
15/06/2015,15.39
12/06/2015,13.78
11/06/2015,12.85
10/06/2015,13.22
09/06/2015,14.47
08/06/2015,15.29
05/06/2015,14.21
04/06/2015,14.71
03/06/2015,13.66
02/06/2015,14.24
01/06/2015,13.97
29/05/2015,13.84
28/05/2015,13.31
27/05/2015,13.27
26/05/2015,14.06
22/05/2015,12.13
21/05/2015,12.11
20/05/2015,12.88
19/05/2015,12.85
18/05/2015,12.73
15/05/2015,12.38
14/05/2015,12.74
13/05/2015,13.76
12/05/2015,13.86
11/05/2015,13.85
08/05/2015,12.86
07/05/2015,15.13
06/05/2015,15.15
05/05/2015,14.31
04/05/2015,12.85
01/05/2015,12.7
30/04/2015,14.55
29/04/2015,13.39
28/04/2015,12.41
27/04/2015,13.12
24/04/2015,12.29
23/04/2015,12.48
22/04/2015,12.71
21/04/2015,13.25
20/04/2015,13.3
17/04/2015,13.89
16/04/2015,12.6
15/04/2015,12.84
14/04/2015,13.67
13/04/2015,13.94
10/04/2015,12.58
09/04/2015,13.09
08/04/2015,13.98
07/04/2015,14.78
06/04/2015,14.74
02/04/2015,14.67
01/04/2015,15.11
31/03/2015,15.29
30/03/2015,14.51
27/03/2015,15.07
26/03/2015,15.8
25/03/2015,15.44
24/03/2015,13.62
23/03/2015,13.41
20/03/2015,13.02
19/03/2015,14.07
18/03/2015,13.97
17/03/2015,15.66
16/03/2015,15.61
13/03/2015,16
12/03/2015,15.42
11/03/2015,16.87
10/03/2015,16.69
09/03/2015,15.06
06/03/2015,15.2
05/03/2015,14.04
04/03/2015,14.23
03/03/2015,13.86
02/03/2015,13.04
27/02/2015,13.34
26/02/2015,13.91
25/02/2015,13.84
24/02/2015,13.69
23/02/2015,14.56
20/02/2015,14.3
19/02/2015,15.29
18/02/2015,15.45
17/02/2015,15.8
13/02/2015,14.69
12/02/2015,15.34
11/02/2015,16.96
10/02/2015,17.23
09/02/2015,18.55
06/02/2015,17.29
05/02/2015,16.85
04/02/2015,18.33
03/02/2015,17.33
02/02/2015,19.43
30/01/2015,20.97
29/01/2015,18.76
28/01/2015,20.44
27/01/2015,17.22
26/01/2015,15.52
23/01/2015,16.66
22/01/2015,16.4
21/01/2015,18.85
20/01/2015,19.89
16/01/2015,20.95
15/01/2015,22.39
14/01/2015,21.48
13/01/2015,20.56
12/01/2015,19.6
09/01/2015,17.55
08/01/2015,17.01
07/01/2015,19.31
06/01/2015,21.12
05/01/2015,19.92
02/01/2015,17.79
31/12/2014,19.2
30/12/2014,15.92
29/12/2014,15.06
26/12/2014,14.5
24/12/2014,14.37
23/12/2014,14.8
22/12/2014,15.25
19/12/2014,16.49
18/12/2014,16.81
17/12/2014,19.44
16/12/2014,23.57
15/12/2014,20.42
12/12/2014,21.08
11/12/2014,20.08
10/12/2014,18.53
09/12/2014,14.89
08/12/2014,14.21
05/12/2014,11.82
04/12/2014,12.38
03/12/2014,12.47
02/12/2014,12.85
01/12/2014,14.29
28/11/2014,13.33
26/11/2014,12.07
25/11/2014,12.25
24/11/2014,12.62
21/11/2014,12.9
20/11/2014,13.58
19/11/2014,13.96
18/11/2014,13.86
17/11/2014,13.99
14/11/2014,13.31
13/11/2014,13.79
12/11/2014,13.02
11/11/2014,12.92
10/11/2014,12.67
07/11/2014,13.12
06/11/2014,13.67
05/11/2014,14.17
04/11/2014,14.89
03/11/2014,14.73
31/10/2014,14.03
30/10/2014,14.52
29/10/2014,15.15
28/10/2014,14.39
27/10/2014,16.04
24/10/2014,16.11
23/10/2014,16.53
22/10/2014,17.87
21/10/2014,16.08
20/10/2014,18.57
17/10/2014,21.99
16/10/2014,25.2
15/10/2014,26.25
14/10/2014,22.79
13/10/2014,24.64
10/10/2014,21.24
09/10/2014,18.76
08/10/2014,15.11
07/10/2014,17.2
06/10/2014,15.46
03/10/2014,14.55
02/10/2014,16.16
01/10/2014,16.71
30/09/2014,16.31
29/09/2014,15.98
26/09/2014,14.85
25/09/2014,15.64
24/09/2014,13.27
23/09/2014,14.93
22/09/2014,13.69
19/09/2014,12.11
18/09/2014,12.03
17/09/2014,12.65
16/09/2014,12.73
15/09/2014,14.12
12/09/2014,13.31
11/09/2014,12.8
10/09/2014,12.88
09/09/2014,13.5
08/09/2014,12.66
05/09/2014,12.09
04/09/2014,12.64
03/09/2014,12.36
02/09/2014,12.25
29/08/2014,11.98
28/08/2014,12.05
27/08/2014,11.78
26/08/2014,11.63
25/08/2014,11.7
22/08/2014,11.47
21/08/2014,11.76
20/08/2014,11.78
19/08/2014,12.21
18/08/2014,12.32
15/08/2014,13.15
14/08/2014,12.42
13/08/2014,12.9
12/08/2014,14.13
11/08/2014,14.23
08/08/2014,15.77
07/08/2014,16.66
06/08/2014,16.37
05/08/2014,16.87
04/08/2014,15.12
01/08/2014,17.03
31/07/2014,16.95
30/07/2014,13.33
29/07/2014,13.28
28/07/2014,12.56
25/07/2014,12.69
24/07/2014,11.84
23/07/2014,11.52
22/07/2014,12.24
21/07/2014,12.81
18/07/2014,12.06
17/07/2014,14.54
16/07/2014,11
15/07/2014,11.96
14/07/2014,11.82
11/07/2014,12.08
10/07/2014,12.59
09/07/2014,11.65
08/07/2014,11.98
07/07/2014,11.33
03/07/2014,10.32
02/07/2014,10.82
01/07/2014,11.15
30/06/2014,11.57
27/06/2014,11.26
26/06/2014,11.63
25/06/2014,11.59
24/06/2014,12.13
23/06/2014,10.98
20/06/2014,10.85
19/06/2014,10.62
18/06/2014,10.61
17/06/2014,12.06
16/06/2014,12.65
13/06/2014,12.18
12/06/2014,12.56
11/06/2014,11.6
10/06/2014,10.99
09/06/2014,11.15
06/06/2014,10.73
05/06/2014,11.68
04/06/2014,12.08
03/06/2014,11.87
02/06/2014,11.58
30/05/2014,11.4
29/05/2014,11.57
28/05/2014,11.68
27/05/2014,11.51
23/05/2014,11.36
22/05/2014,12.03
21/05/2014,11.91
20/05/2014,12.96
19/05/2014,12.42
16/05/2014,12.44
15/05/2014,13.17
14/05/2014,12.17
13/05/2014,12.13
12/05/2014,12.23
09/05/2014,12.92
08/05/2014,13.43
07/05/2014,13.4
06/05/2014,13.8
05/05/2014,13.29
02/05/2014,12.91
01/05/2014,13.25
30/04/2014,13.41
29/04/2014,13.71
28/04/2014,13.97
25/04/2014,14.06
24/04/2014,13.32
23/04/2014,13.27
22/04/2014,13.19
21/04/2014,13.25
17/04/2014,13.36
16/04/2014,14.18
15/04/2014,15.61
14/04/2014,16.11
11/04/2014,17.03
10/04/2014,15.89
09/04/2014,13.82
08/04/2014,14.89
07/04/2014,15.57
04/04/2014,13.96
03/04/2014,13.37
02/04/2014,13.09
01/04/2014,13.1
31/03/2014,13.88
28/03/2014,14.41
27/03/2014,14.62
26/03/2014,14.93
25/03/2014,14.02
24/03/2014,15.09
21/03/2014,15
20/03/2014,14.52
19/03/2014,15.12
18/03/2014,14.52
17/03/2014,15.64
14/03/2014,17.82
13/03/2014,16.22
12/03/2014,14.47
11/03/2014,14.8
10/03/2014,14.2
07/03/2014,14.11
06/03/2014,14.21
05/03/2014,13.89
04/03/2014,14.1
03/03/2014,16
28/02/2014,14
27/02/2014,14.04
26/02/2014,14.35
25/02/2014,13.67
24/02/2014,14.23
21/02/2014,14.68
20/02/2014,14.79
19/02/2014,15.5
18/02/2014,13.87
14/02/2014,13.57
13/02/2014,14.14
12/02/2014,14.3
11/02/2014,14.51
10/02/2014,15.26
07/02/2014,15.29
06/02/2014,17.23
05/02/2014,19.95
04/02/2014,19.11
03/02/2014,21.44
31/01/2014,18.41
30/01/2014,17.29
29/01/2014,17.35
28/01/2014,15.8
27/01/2014,17.42
24/01/2014,18.14
23/01/2014,13.77
22/01/2014,12.84
21/01/2014,12.87
17/01/2014,12.44
16/01/2014,12.53
15/01/2014,12.28
14/01/2014,12.28
13/01/2014,13.28
10/01/2014,12.14
09/01/2014,12.89
08/01/2014,12.87
07/01/2014,12.92
06/01/2014,13.55
03/01/2014,13.76
02/01/2014,14.23
31/12/2013,13.72
30/12/2013,13.56
27/12/2013,12.46
26/12/2013,12.33
24/12/2013,12.48
23/12/2013,13.04
20/12/2013,13.79
19/12/2013,14.15
18/12/2013,13.8
17/12/2013,16.21
16/12/2013,16.03
13/12/2013,15.76
12/12/2013,15.54
11/12/2013,15.42
10/12/2013,13.91
09/12/2013,13.49
06/12/2013,13.79
05/12/2013,15.08
04/12/2013,14.7
03/12/2013,14.55
02/12/2013,14.23
29/11/2013,13.7
27/11/2013,12.98
26/11/2013,12.81
25/11/2013,12.79
22/11/2013,12.26
21/11/2013,12.66
20/11/2013,13.4
19/11/2013,13.39
18/11/2013,13.1
15/11/2013,12.19
14/11/2013,12.37
13/11/2013,12.52
12/11/2013,12.82
11/11/2013,12.53
08/11/2013,12.9
07/11/2013,13.91
06/11/2013,12.67
05/11/2013,13.27
04/11/2013,12.93
01/11/2013,13.28
31/10/2013,13.75
30/10/2013,13.65
29/10/2013,13.41
28/10/2013,13.31
25/10/2013,13.09
24/10/2013,13.2
23/10/2013,13.42
22/10/2013,13.33
21/10/2013,13.16
18/10/2013,13.04
17/10/2013,13.48
16/10/2013,14.71
15/10/2013,18.66
14/10/2013,16.07
11/10/2013,15.72
10/10/2013,16.48
09/10/2013,19.6
08/10/2013,20.34
07/10/2013,19.41
04/10/2013,16.74
03/10/2013,17.67
02/10/2013,16.6
01/10/2013,15.54
30/09/2013,16.6
27/09/2013,15.46
26/09/2013,14.06
25/09/2013,14.01
24/09/2013,14.08
23/09/2013,14.31
20/09/2013,13.12
19/09/2013,13.16
18/09/2013,13.59
17/09/2013,14.53
16/09/2013,14.38
13/09/2013,14.16
12/09/2013,14.29
11/09/2013,13.82
10/09/2013,14.53
09/09/2013,15.63
06/09/2013,15.85
05/09/2013,15.77
04/09/2013,15.88
03/09/2013,16.61
30/08/2013,17.01
29/08/2013,16.81
28/08/2013,16.49
27/08/2013,16.77
26/08/2013,14.99
23/08/2013,13.98
22/08/2013,14.76
21/08/2013,15.94
20/08/2013,14.91
19/08/2013,15.1
16/08/2013,14.37
15/08/2013,14.73
14/08/2013,13.04
13/08/2013,12.31
12/08/2013,12.81
09/08/2013,13.41
08/08/2013,12.73
07/08/2013,12.98
06/08/2013,12.72
05/08/2013,11.84
02/08/2013,11.98
01/08/2013,12.94
31/07/2013,13.45
30/07/2013,13.39
29/07/2013,13.39
26/07/2013,12.72
25/07/2013,12.97
24/07/2013,13.18
23/07/2013,12.66
22/07/2013,12.29
19/07/2013,12.54
18/07/2013,13.77
17/07/2013,13.78
16/07/2013,14.42
15/07/2013,13.79
12/07/2013,13.84
11/07/2013,14.01
10/07/2013,14.21
09/07/2013,14.35
08/07/2013,14.78
05/07/2013,14.89
03/07/2013,16.2
02/07/2013,16.44
01/07/2013,16.37
28/06/2013,16.86
27/06/2013,16.86
26/06/2013,17.21
25/06/2013,18.47
24/06/2013,20.11
21/06/2013,18.9
20/06/2013,20.49
19/06/2013,16.64
18/06/2013,16.61
17/06/2013,16.8
14/06/2013,17.15
13/06/2013,16.41
12/06/2013,18.59
11/06/2013,17.07
10/06/2013,15.44
07/06/2013,15.14
06/06/2013,16.63
05/06/2013,17.5
04/06/2013,16.27
03/06/2013,16.28
31/05/2013,16.3
30/05/2013,14.53
29/05/2013,14.83
28/05/2013,14.48
24/05/2013,13.99
23/05/2013,14.07
22/05/2013,13.82
21/05/2013,13.37
20/05/2013,13.02
17/05/2013,12.45
16/05/2013,13.07
15/05/2013,12.81
14/05/2013,12.77
13/05/2013,12.55
10/05/2013,12.59
09/05/2013,13.13
08/05/2013,12.66
07/05/2013,12.83
06/05/2013,12.66
03/05/2013,12.85
02/05/2013,13.59
01/05/2013,14.49
30/04/2013,13.52
29/04/2013,13.71
26/04/2013,13.61
25/04/2013,13.62
24/04/2013,13.61
23/04/2013,13.48
22/04/2013,14.39
19/04/2013,14.97
18/04/2013,17.56
17/04/2013,16.51
16/04/2013,13.96
15/04/2013,17.27
12/04/2013,12.06
11/04/2013,12.24
10/04/2013,12.36
09/04/2013,12.84
08/04/2013,13.19
05/04/2013,13.92
04/04/2013,13.89
03/04/2013,14.21
02/04/2013,12.78
01/04/2013,13.58
28/03/2013,12.7
27/03/2013,13.15
26/03/2013,12.77
25/03/2013,13.74
22/03/2013,13.57
21/03/2013,13.99
20/03/2013,12.67
19/03/2013,14.39
18/03/2013,13.36
15/03/2013,11.3
14/03/2013,11.3
13/03/2013,11.83
12/03/2013,12.27
11/03/2013,11.56
08/03/2013,12.59
07/03/2013,13.06
06/03/2013,13.53
05/03/2013,13.48
04/03/2013,14.01
01/03/2013,15.36
28/02/2013,15.51
27/02/2013,14.73
26/02/2013,16.87
25/02/2013,18.99
22/02/2013,14.17
21/02/2013,15.22
20/02/2013,14.68
19/02/2013,12.31
15/02/2013,12.46
14/02/2013,12.66
13/02/2013,12.98
12/02/2013,12.64
11/02/2013,12.94
08/02/2013,13.02
07/02/2013,13.5
06/02/2013,13.41
05/02/2013,13.72
04/02/2013,14.67
01/02/2013,12.9
31/01/2013,14.28
30/01/2013,14.32
29/01/2013,13.31
28/01/2013,13.57
25/01/2013,12.89
24/01/2013,12.69
23/01/2013,12.46
22/01/2013,12.43
18/01/2013,12.46
17/01/2013,13.57
16/01/2013,13.42
15/01/2013,13.55
14/01/2013,13.52
11/01/2013,13.36
10/01/2013,13.49
09/01/2013,13.81
08/01/2013,13.62
07/01/2013,13.79
04/01/2013,13.83
03/01/2013,14.56
02/01/2013,14.68
31/12/2012,18.02
28/12/2012,22.72
27/12/2012,19.47
26/12/2012,19.48
24/12/2012,17.84
21/12/2012,17.84
20/12/2012,17.67
19/12/2012,17.36
18/12/2012,15.57
17/12/2012,16.34
14/12/2012,17
13/12/2012,16.56
12/12/2012,15.95
11/12/2012,15.57
10/12/2012,16.05
07/12/2012,15.9
06/12/2012,16.58
05/12/2012,16.46
04/12/2012,17.12
03/12/2012,16.64
30/11/2012,15.87
29/11/2012,15.06
28/11/2012,15.51
27/11/2012,15.92
26/11/2012,15.5
23/11/2012,15.14
21/11/2012,15.31
20/11/2012,15.08
19/11/2012,15.24
16/11/2012,16.41
15/11/2012,17.99
14/11/2012,17.92
13/11/2012,16.65
12/11/2012,16.68
09/11/2012,18.61
08/11/2012,18.49
07/11/2012,19.08
06/11/2012,17.58
05/11/2012,18.42
02/11/2012,17.59
01/11/2012,16.69
31/10/2012,18.6
26/10/2012,17.81
25/10/2012,18.12
24/10/2012,18.33
23/10/2012,18.83
22/10/2012,16.62
19/10/2012,17.06
18/10/2012,15.03
17/10/2012,15.07
16/10/2012,15.22
15/10/2012,15.27
12/10/2012,16.14
11/10/2012,15.59
10/10/2012,16.29
09/10/2012,16.37
08/10/2012,15.11
05/10/2012,14.33
04/10/2012,14.55
03/10/2012,15.43
02/10/2012,15.71
01/10/2012,16.32
28/09/2012,15.73
27/09/2012,14.84
26/09/2012,16.81
25/09/2012,15.43
24/09/2012,14.15
21/09/2012,13.98
20/09/2012,14.07
19/09/2012,13.88
18/09/2012,14.18
17/09/2012,14.59
14/09/2012,14.51
13/09/2012,14.05
12/09/2012,15.8
11/09/2012,16.41
10/09/2012,16.28
07/09/2012,14.38
06/09/2012,15.6
05/09/2012,17.74
04/09/2012,17.98
31/08/2012,17.47
30/08/2012,17.83
29/08/2012,17.06
28/08/2012,16.49
27/08/2012,16.35
24/08/2012,15.18
23/08/2012,15.96
22/08/2012,15.11
21/08/2012,15.02
20/08/2012,14.02
17/08/2012,13.45
16/08/2012,14.29
15/08/2012,14.63
14/08/2012,14.85
13/08/2012,13.7
10/08/2012,14.74
09/08/2012,15.28
08/08/2012,15.32
07/08/2012,15.99
06/08/2012,15.95
03/08/2012,15.64
02/08/2012,17.57
01/08/2012,18.96
31/07/2012,18.93
30/07/2012,18.03
27/07/2012,16.7
26/07/2012,17.53
25/07/2012,19.34
24/07/2012,20.47
23/07/2012,18.62
20/07/2012,16.27
19/07/2012,15.45
18/07/2012,16.16
17/07/2012,16.48
16/07/2012,17.11
13/07/2012,16.74
12/07/2012,18.33
11/07/2012,17.95
10/07/2012,18.72
09/07/2012,17.98
06/07/2012,17.1
05/07/2012,17.5
03/07/2012,16.66
02/07/2012,16.8
29/06/2012,17.08
28/06/2012,19.71
27/06/2012,19.45
26/06/2012,19.72
25/06/2012,20.38
22/06/2012,18.11
21/06/2012,20.08
20/06/2012,17.24
19/06/2012,18.38
18/06/2012,18.32
15/06/2012,21.11
14/06/2012,21.68
13/06/2012,24.27
12/06/2012,22.09
11/06/2012,23.56
08/06/2012,21.23
07/06/2012,21.72
06/06/2012,22.16
05/06/2012,24.68
04/06/2012,26.12
01/06/2012,26.66
31/05/2012,24.06
30/05/2012,24.14
29/05/2012,21.03
25/05/2012,21.76
24/05/2012,21.54
23/05/2012,22.33
22/05/2012,22.48
21/05/2012,22.01
18/05/2012,25.1
17/05/2012,24.49
16/05/2012,22.27
15/05/2012,21.97
14/05/2012,21.87
11/05/2012,19.89
10/05/2012,18.83
09/05/2012,20.08
08/05/2012,19.05
07/05/2012,18.94
04/05/2012,19.16
03/05/2012,17.56
02/05/2012,16.88
01/05/2012,16.6
30/04/2012,17.15
27/04/2012,16.32
26/04/2012,16.24
25/04/2012,16.82
24/04/2012,18.1
23/04/2012,18.97
20/04/2012,17.44
19/04/2012,18.36
18/04/2012,18.64
17/04/2012,18.46
16/04/2012,19.55
13/04/2012,19.55
12/04/2012,17.2
11/04/2012,20.02
10/04/2012,20.39
09/04/2012,18.81
05/04/2012,16.7
04/04/2012,16.44
03/04/2012,15.66
02/04/2012,15.64
30/03/2012,15.5
29/03/2012,15.48
28/03/2012,15.47
27/03/2012,15.59
26/03/2012,14.26
23/03/2012,14.82
22/03/2012,15.57
21/03/2012,15.13
20/03/2012,15.58
19/03/2012,15.04
16/03/2012,14.47
15/03/2012,15.42
14/03/2012,15.31
13/03/2012,14.8
12/03/2012,15.64
09/03/2012,17.11
08/03/2012,17.95
07/03/2012,19.07
06/03/2012,20.87
05/03/2012,18.05
02/03/2012,17.29
01/03/2012,17.26
29/02/2012,18.43
28/02/2012,17.96
27/02/2012,18.19
24/02/2012,17.31
23/02/2012,16.8
22/02/2012,18.19
21/02/2012,18.19
17/02/2012,17.78
16/02/2012,19.22
15/02/2012,21.14
14/02/2012,19.54
13/02/2012,19.04
10/02/2012,20.79
09/02/2012,18.63
08/02/2012,18.16
07/02/2012,17.65
06/02/2012,17.76
03/02/2012,17.1
02/02/2012,17.98
01/02/2012,18.55
31/01/2012,19.44
30/01/2012,19.4
27/01/2012,18.53
26/01/2012,18.57
25/01/2012,18.31
24/01/2012,18.91
23/01/2012,18.67
20/01/2012,18.28
19/01/2012,19.87
18/01/2012,20.89
17/01/2012,22.2
13/01/2012,20.91
12/01/2012,20.47
11/01/2012,21.05
10/01/2012,20.69
09/01/2012,21.07
06/01/2012,20.63
05/01/2012,21.48
04/01/2012,22.22
03/01/2012,22.97
30/12/2011,23.4
29/12/2011,22.65
28/12/2011,23.52
27/12/2011,21.91
23/12/2011,20.73
22/12/2011,21.16
21/12/2011,21.43
20/12/2011,23.22
19/12/2011,24.92
16/12/2011,24.29
15/12/2011,25.11
14/12/2011,26.04
13/12/2011,25.41
12/12/2011,25.67
09/12/2011,26.38
08/12/2011,30.59
07/12/2011,28.67
06/12/2011,28.13
05/12/2011,27.84
02/12/2011,27.52
01/12/2011,27.41
30/11/2011,27.8
29/11/2011,30.64
28/11/2011,32.13
25/11/2011,34.47
23/11/2011,33.98
22/11/2011,31.97
21/11/2011,32.91
18/11/2011,32
17/11/2011,34.51
16/11/2011,33.51
15/11/2011,31.22
14/11/2011,31.13
11/11/2011,30.04
10/11/2011,32.81
09/11/2011,36.16
08/11/2011,27.48
07/11/2011,29.85
04/11/2011,30.16
03/11/2011,30.5
02/11/2011,32.74
01/11/2011,34.77
31/10/2011,29.96
28/10/2011,24.53
27/10/2011,25.46
26/10/2011,29.86
25/10/2011,32.22
24/10/2011,29.26
21/10/2011,31.32
20/10/2011,34.78
19/10/2011,34.44
18/10/2011,31.56
17/10/2011,33.39
14/10/2011,28.24
13/10/2011,30.7
12/10/2011,31.26
11/10/2011,32.86
10/10/2011,33.02
07/10/2011,36.2
06/10/2011,36.27
05/10/2011,37.81
04/10/2011,40.82
03/10/2011,45.45
30/09/2011,42.96
29/09/2011,38.84
28/09/2011,41.08
27/09/2011,37.71
26/09/2011,39.02
23/09/2011,41.25
22/09/2011,41.35
21/09/2011,37.32
20/09/2011,32.86
19/09/2011,32.73
16/09/2011,30.98
15/09/2011,31.97
14/09/2011,34.6
13/09/2011,36.91
12/09/2011,38.59
09/09/2011,38.52
08/09/2011,34.32
07/09/2011,33.38
06/09/2011,37
02/09/2011,33.92
01/09/2011,31.82
31/08/2011,31.62
30/08/2011,32.89
29/08/2011,32.28
26/08/2011,35.59
25/08/2011,39.76
24/08/2011,35.9
23/08/2011,36.27
22/08/2011,42.44
19/08/2011,43.05
18/08/2011,42.67
17/08/2011,31.58
16/08/2011,32.85
15/08/2011,31.87
12/08/2011,36.36
11/08/2011,39
10/08/2011,42.99
09/08/2011,35.06
08/08/2011,48
05/08/2011,32
04/08/2011,31.66
03/08/2011,23.38
02/08/2011,24.79
01/08/2011,23.66
29/07/2011,25.25
28/07/2011,23.74
27/07/2011,22.98
26/07/2011,20.23
25/07/2011,19.35
22/07/2011,17.52
21/07/2011,17.56
20/07/2011,19.09
19/07/2011,19.21
18/07/2011,20.95
15/07/2011,19.53
14/07/2011,20.8
13/07/2011,19.91
12/07/2011,19.87
11/07/2011,18.39
08/07/2011,15.95
07/07/2011,15.95
06/07/2011,16.34
05/07/2011,16.06
01/07/2011,15.87
30/06/2011,16.52
29/06/2011,17.27
28/06/2011,19.17
27/06/2011,20.56
24/06/2011,21.1
23/06/2011,19.29
22/06/2011,18.52
21/06/2011,18.86
20/06/2011,19.99
17/06/2011,21.85
16/06/2011,22.73
15/06/2011,21.32
14/06/2011,18.26
13/06/2011,19.61
10/06/2011,18.86
09/06/2011,17.77
08/06/2011,18.79
07/06/2011,18.07
06/06/2011,18.49
03/06/2011,17.95
02/06/2011,18.09
01/06/2011,18.3
31/05/2011,15.45
27/05/2011,15.98
26/05/2011,16.09
25/05/2011,17.07
24/05/2011,17.82
23/05/2011,18.27
20/05/2011,17.43
19/05/2011,15.52
18/05/2011,16.23
17/05/2011,17.55
16/05/2011,18.24
13/05/2011,17.07
12/05/2011,16.03
11/05/2011,16.95
10/05/2011,15.91
09/05/2011,17.16
06/05/2011,18.4
05/05/2011,18.2
04/05/2011,17.08
03/05/2011,16.7
02/05/2011,15.99
29/04/2011,14.75
28/04/2011,14.62
27/04/2011,15.35
26/04/2011,15.62
25/04/2011,15.77
21/04/2011,14.69
20/04/2011,15.07
19/04/2011,15.83
18/04/2011,16.96
15/04/2011,15.32
14/04/2011,16.27
13/04/2011,16.92
12/04/2011,17.09
11/04/2011,16.59
08/04/2011,17.87
07/04/2011,17.11
06/04/2011,16.9
05/04/2011,17.25
04/04/2011,17.5
01/04/2011,17.4
31/03/2011,17.74
30/03/2011,17.71
29/03/2011,18.16
28/03/2011,19.44
25/03/2011,17.91
24/03/2011,18
23/03/2011,19.17
22/03/2011,20.21
21/03/2011,20.61
18/03/2011,24.44
17/03/2011,26.37
16/03/2011,29.4
15/03/2011,24.32
14/03/2011,21.13
11/03/2011,20.08
10/03/2011,21.88
09/03/2011,20.22
08/03/2011,19.82
07/03/2011,20.66
04/03/2011,19.06
03/03/2011,18.6
02/03/2011,20.7
01/03/2011,21.01
28/02/2011,18.35
25/02/2011,19.22
24/02/2011,21.32
23/02/2011,22.13
22/02/2011,20.8
18/02/2011,16.43
17/02/2011,16.59
16/02/2011,16.72
15/02/2011,16.37
14/02/2011,15.95
11/02/2011,15.69
10/02/2011,16.09
09/02/2011,15.87
08/02/2011,15.81
07/02/2011,16.28
04/02/2011,15.93
03/02/2011,16.69
02/02/2011,17.3
01/02/2011,17.63
31/01/2011,19.53
28/01/2011,20.04
27/01/2011,16.15
26/01/2011,16.64
25/01/2011,17.59
24/01/2011,17.65
21/01/2011,18.47
20/01/2011,17.99
19/01/2011,17.31
18/01/2011,15.87
14/01/2011,15.46
13/01/2011,16.39
12/01/2011,16.24
11/01/2011,16.89
10/01/2011,17.54
07/01/2011,17.14
06/01/2011,17.4
05/01/2011,17.02
04/01/2011,17.38
03/01/2011,17.61
31/12/2010,17.75
30/12/2010,17.52
29/12/2010,17.28
28/12/2010,17.52
27/12/2010,17.67
23/12/2010,16.47
22/12/2010,15.45
21/12/2010,16.49
20/12/2010,16.41
17/12/2010,16.11
16/12/2010,17.39
15/12/2010,17.94
14/12/2010,17.61
13/12/2010,17.55
10/12/2010,17.61
09/12/2010,17.25
08/12/2010,17.74
07/12/2010,17.99
06/12/2010,18.02
03/12/2010,18.01
02/12/2010,19.39
01/12/2010,21.36
30/11/2010,23.54
29/11/2010,21.53
26/11/2010,22.22
24/11/2010,19.56
23/11/2010,20.63
22/11/2010,18.37
19/11/2010,18.04
18/11/2010,18.75
17/11/2010,21.76
16/11/2010,22.58
15/11/2010,20.2
12/11/2010,20.61
11/11/2010,18.64
10/11/2010,18.47
09/11/2010,19.08
08/11/2010,18.29
05/11/2010,18.26
04/11/2010,18.52
03/11/2010,19.56
02/11/2010,21.57
01/11/2010,21.83
29/10/2010,21.2
28/10/2010,20.88
27/10/2010,20.71
26/10/2010,20.22
25/10/2010,19.85
22/10/2010,18.78
21/10/2010,19.27
20/10/2010,19.79
19/10/2010,20.63
18/10/2010,19.09
15/10/2010,19.03
14/10/2010,19.88
13/10/2010,19.07
12/10/2010,18.93
11/10/2010,18.96
08/10/2010,20.71
07/10/2010,21.56
06/10/2010,21.49
05/10/2010,21.76
04/10/2010,23.53
01/10/2010,22.5
30/09/2010,23.7
29/09/2010,23.25
28/09/2010,22.6
27/09/2010,22.54
24/09/2010,21.71
23/09/2010,23.87
22/09/2010,22.51
21/09/2010,22.35
20/09/2010,21.5
17/09/2010,22.01
16/09/2010,21.72
15/09/2010,22.1
14/09/2010,21.56
13/09/2010,21.21
10/09/2010,21.99
09/09/2010,22.81
08/09/2010,23.25
07/09/2010,23.8
03/09/2010,21.31
02/09/2010,23.19
01/09/2010,23.89
31/08/2010,26.05
30/08/2010,27.21
27/08/2010,24.45
26/08/2010,27.37
25/08/2010,26.7
24/08/2010,27.46
23/08/2010,25.66
20/08/2010,25.49
19/08/2010,26.44
18/08/2010,24.59
17/08/2010,24.33
16/08/2010,26.1
13/08/2010,26.24
12/08/2010,25.73
11/08/2010,25.39
10/08/2010,22.37
09/08/2010,22.14
06/08/2010,21.74
05/08/2010,22.1
04/08/2010,22.21
03/08/2010,22.63
02/08/2010,22.01
30/07/2010,23.5
29/07/2010,24.13
28/07/2010,24.25
27/07/2010,23.19
26/07/2010,22.73
23/07/2010,23.47
22/07/2010,24.63
21/07/2010,25.64
20/07/2010,23.93
19/07/2010,25.97
16/07/2010,26.25
15/07/2010,25.14
14/07/2010,24.89
13/07/2010,24.56
12/07/2010,24.43
09/07/2010,24.98
08/07/2010,25.71
07/07/2010,26.84
06/07/2010,29.65
02/07/2010,30.12
01/07/2010,32.86
30/06/2010,34.54
29/06/2010,34.13
28/06/2010,29
25/06/2010,28.53
24/06/2010,29.74
23/06/2010,26.91
22/06/2010,27.05
21/06/2010,24.88
18/06/2010,23.95
17/06/2010,25.05
16/06/2010,25.92
15/06/2010,25.87
14/06/2010,28.58
11/06/2010,28.79
10/06/2010,30.57
09/06/2010,33.73
08/06/2010,33.7
07/06/2010,36.57
04/06/2010,35.48
03/06/2010,29.46
02/06/2010,30.17
01/06/2010,35.54
28/05/2010,32.07
27/05/2010,29.68
26/05/2010,35.02
25/05/2010,34.61
24/05/2010,38.32
21/05/2010,40.1
20/05/2010,45.79
19/05/2010,35.32
18/05/2010,33.55
17/05/2010,30.84
14/05/2010,31.24
13/05/2010,26.68
12/05/2010,25.52
11/05/2010,28.32
10/05/2010,28.84
07/05/2010,40.95
06/05/2010,32.8
05/05/2010,24.91
04/05/2010,23.84
03/05/2010,20.19
30/04/2010,22.05
29/04/2010,18.44
28/04/2010,21.08
27/04/2010,22.81
26/04/2010,17.47
23/04/2010,16.62
22/04/2010,16.47
21/04/2010,16.32
20/04/2010,15.73
19/04/2010,17.34
16/04/2010,18.36
15/04/2010,15.89
14/04/2010,15.59
13/04/2010,16.2
12/04/2010,15.58
09/04/2010,16.14
08/04/2010,16.48
07/04/2010,16.62
06/04/2010,16.23
05/04/2010,17.02
01/04/2010,17.47
31/03/2010,17.59
30/03/2010,17.13
29/03/2010,17.59
26/03/2010,17.77
25/03/2010,18.4
24/03/2010,17.55
23/03/2010,16.35
22/03/2010,16.87
19/03/2010,16.97
18/03/2010,16.62
17/03/2010,16.91
16/03/2010,17.69
15/03/2010,18
12/03/2010,17.58
11/03/2010,18.06
10/03/2010,18.57
09/03/2010,17.92
08/03/2010,17.79
05/03/2010,17.42
04/03/2010,18.72
03/03/2010,18.83
02/03/2010,19.06
01/03/2010,19.26
26/02/2010,19.5
25/02/2010,20.1
24/02/2010,20.27
23/02/2010,21.37
22/02/2010,19.94
19/02/2010,20.02
18/02/2010,20.63
17/02/2010,21.72
16/02/2010,22.25
12/02/2010,22.73
11/02/2010,23.96
10/02/2010,25.4
09/02/2010,26
08/02/2010,26.51
05/02/2010,26.11
04/02/2010,26.08
03/02/2010,21.6
02/02/2010,21.48
01/02/2010,22.59
29/01/2010,24.62
28/01/2010,23.73
27/01/2010,23.14
26/01/2010,24.55
25/01/2010,25.41
22/01/2010,27.31
21/01/2010,22.27
20/01/2010,18.68
19/01/2010,17.58
15/01/2010,17.91
14/01/2010,17.63
13/01/2010,17.85
12/01/2010,18.25
11/01/2010,17.55
08/01/2010,18.13
07/01/2010,19.06
06/01/2010,19.16
05/01/2010,19.35
04/01/2010,20.04
31/12/2009,21.68
30/12/2009,19.96
29/12/2009,20.01
28/12/2009,19.93
24/12/2009,19.47
23/12/2009,19.71
22/12/2009,19.54
21/12/2009,20.49
18/12/2009,21.68
17/12/2009,22.51
16/12/2009,20.54
15/12/2009,21.49
14/12/2009,21.15
11/12/2009,21.59
10/12/2009,22.32
09/12/2009,22.66
08/12/2009,23.69
07/12/2009,22.1
04/12/2009,21.25
03/12/2009,22.46
02/12/2009,21.12
01/12/2009,21.92
30/11/2009,24.51
27/11/2009,24.74
25/11/2009,20.48
24/11/2009,20.47
23/11/2009,21.16
20/11/2009,22.19
19/11/2009,22.63
18/11/2009,21.63
17/11/2009,22.41
16/11/2009,22.89
13/11/2009,23.36
12/11/2009,24.24
11/11/2009,23.04
10/11/2009,22.84
09/11/2009,23.15
06/11/2009,24.19
05/11/2009,25.43
04/11/2009,27.72
03/11/2009,28.81
02/11/2009,29.78
30/10/2009,30.69
29/10/2009,24.76
28/10/2009,27.91
27/10/2009,24.83
26/10/2009,24.31
23/10/2009,22.27
22/10/2009,20.69
21/10/2009,22.22
20/10/2009,20.9
19/10/2009,21.49
16/10/2009,21.43
15/10/2009,21.72
14/10/2009,22.86
13/10/2009,22.99
12/10/2009,23.01
09/10/2009,23.12
08/10/2009,24.18
07/10/2009,24.68
06/10/2009,25.7
05/10/2009,26.84
02/10/2009,28.68
01/10/2009,28.27
30/09/2009,25.61
29/09/2009,25.19
28/09/2009,24.88
25/09/2009,25.61
24/09/2009,24.95
23/09/2009,23.49
22/09/2009,23.08
21/09/2009,24.06
18/09/2009,23.92
17/09/2009,23.65
16/09/2009,23.69
15/09/2009,23.42
14/09/2009,23.86
11/09/2009,24.15
10/09/2009,23.55
09/09/2009,24.32
08/09/2009,25.62
04/09/2009,25.26
03/09/2009,27.1
02/09/2009,28.9
01/09/2009,29.15
31/08/2009,26.01
28/08/2009,24.76
27/08/2009,24.68
26/08/2009,24.95
25/08/2009,24.92
24/08/2009,25.14
21/08/2009,25.01
20/08/2009,25.09
19/08/2009,26.26
18/08/2009,26.18
17/08/2009,27.89
14/08/2009,24.27
13/08/2009,24.71
12/08/2009,25.45
11/08/2009,25.99
10/08/2009,24.99
07/08/2009,24.76
06/08/2009,25.67
05/08/2009,24.9
04/08/2009,24.89
03/08/2009,25.56
31/07/2009,25.92
30/07/2009,25.4
29/07/2009,25.61
28/07/2009,25.01
27/07/2009,24.28
24/07/2009,23.09
23/07/2009,23.43
22/07/2009,23.47
21/07/2009,23.87
20/07/2009,24.4
17/07/2009,24.34
16/07/2009,25.42
15/07/2009,25.89
14/07/2009,25.02
13/07/2009,26.31
10/07/2009,29.02
09/07/2009,29.78
08/07/2009,31.3
07/07/2009,30.85
06/07/2009,29
02/07/2009,27.95
01/07/2009,26.22
30/06/2009,26.35
29/06/2009,25.35
26/06/2009,25.93
25/06/2009,26.36
24/06/2009,29.05
23/06/2009,30.58
22/06/2009,31.17
19/06/2009,27.99
18/06/2009,30.03
17/06/2009,31.54
16/06/2009,32.68
15/06/2009,30.81
12/06/2009,28.15
11/06/2009,28.11
10/06/2009,28.46
09/06/2009,28.27
08/06/2009,29.77
05/06/2009,29.62
04/06/2009,30.18
03/06/2009,31.02
02/06/2009,29.63
01/06/2009,30.04
29/05/2009,28.92
28/05/2009,31.67
27/05/2009,32.36
26/05/2009,30.62
22/05/2009,32.63
21/05/2009,31.35
20/05/2009,29.03
19/05/2009,28.8
18/05/2009,30.24
15/05/2009,33.12
14/05/2009,31.37
13/05/2009,33.65
12/05/2009,31.8
11/05/2009,32.87
08/05/2009,32.05
07/05/2009,33.44
06/05/2009,32.45
05/05/2009,33.36
04/05/2009,34.53
01/05/2009,35.3
30/04/2009,36.5
29/04/2009,36.08
28/04/2009,37.95
27/04/2009,38.32
24/04/2009,36.82
23/04/2009,37.15
22/04/2009,38.1
21/04/2009,37.14
20/04/2009,39.18
17/04/2009,33.94
16/04/2009,35.79
15/04/2009,36.17
14/04/2009,37.67
13/04/2009,37.81
09/04/2009,36.53
08/04/2009,38.85
07/04/2009,40.39
06/04/2009,40.93
03/04/2009,39.7
02/04/2009,42.04
01/04/2009,42.28
31/03/2009,44.14
30/03/2009,45.54
27/03/2009,41.04
26/03/2009,40.36
25/03/2009,42.25
24/03/2009,42.93
23/03/2009,43.23
20/03/2009,45.89
19/03/2009,43.68
18/03/2009,40.06
17/03/2009,40.8
16/03/2009,43.74
13/03/2009,42.36
12/03/2009,41.18
11/03/2009,43.61
10/03/2009,44.37
09/03/2009,49.68
06/03/2009,49.33
05/03/2009,50.17
04/03/2009,47.56
03/03/2009,50.93
02/03/2009,52.65
27/02/2009,46.35
26/02/2009,44.66
25/02/2009,44.67
24/02/2009,45.49
23/02/2009,52.62
20/02/2009,49.3
19/02/2009,47.08
18/02/2009,48.46
17/02/2009,48.66
13/02/2009,42.93
12/02/2009,41.25
11/02/2009,44.53
10/02/2009,46.67
09/02/2009,43.64
06/02/2009,43.37
05/02/2009,43.73
04/02/2009,43.85
03/02/2009,43.06
02/02/2009,45.52
30/01/2009,44.84
29/01/2009,42.63
28/01/2009,39.66
27/01/2009,42.25
26/01/2009,45.69
23/01/2009,47.27
22/01/2009,47.29
21/01/2009,46.42
20/01/2009,56.65
16/01/2009,46.11
15/01/2009,51
14/01/2009,49.14
13/01/2009,43.27
12/01/2009,45.84
09/01/2009,42.82
08/01/2009,42.56
07/01/2009,43.39
06/01/2009,38.56
05/01/2009,39.08
02/01/2009,39.19
31/12/2008,40
30/12/2008,41.63
29/12/2008,43.9
26/12/2008,43.38
24/12/2008,44.21
23/12/2008,45.02
22/12/2008,44.56
19/12/2008,44.93
18/12/2008,47.34
17/12/2008,49.84
16/12/2008,52.37
15/12/2008,56.76
12/12/2008,54.28
11/12/2008,55.78
10/12/2008,55.73
09/12/2008,58.91
08/12/2008,58.49
05/12/2008,59.93
04/12/2008,63.64
03/12/2008,60.72
02/12/2008,62.98
01/12/2008,68.51
28/11/2008,55.28
26/11/2008,54.92
25/11/2008,60.9
24/11/2008,64.7
21/11/2008,72.67
20/11/2008,80.86
19/11/2008,74.26
18/11/2008,67.64
17/11/2008,69.15
14/11/2008,66.31
13/11/2008,59.83
12/11/2008,66.46
11/11/2008,61.44
10/11/2008,59.98
07/11/2008,56.1
06/11/2008,63.68
05/11/2008,54.56
04/11/2008,47.73
03/11/2008,53.68
31/10/2008,59.89
30/10/2008,62.9
29/10/2008,69.96
28/10/2008,66.96
27/10/2008,80.06
24/10/2008,79.13
23/10/2008,67.8
22/10/2008,69.65
21/10/2008,53.11
20/10/2008,52.97
17/10/2008,70.33
16/10/2008,67.61
15/10/2008,69.25
14/10/2008,55.13
13/10/2008,54.99
10/10/2008,69.95
09/10/2008,63.92
08/10/2008,57.53
07/10/2008,53.68
06/10/2008,52.05
03/10/2008,45.14
02/10/2008,45.26
01/10/2008,39.81
30/09/2008,39.39
29/09/2008,46.72
26/09/2008,34.74
25/09/2008,32.82
24/09/2008,35.19
23/09/2008,35.72
22/09/2008,33.85
19/09/2008,32.07
18/09/2008,33.1
17/09/2008,36.22
16/09/2008,30.3
15/09/2008,31.7
12/09/2008,25.66
11/09/2008,24.39
10/09/2008,24.52
09/09/2008,25.47
08/09/2008,22.64
05/09/2008,23.06
04/09/2008,24.03
03/09/2008,21.43
02/09/2008,21.99
29/08/2008,20.65
28/08/2008,19.43
27/08/2008,19.76
26/08/2008,20.49
25/08/2008,20.97
22/08/2008,18.81
21/08/2008,19.82
20/08/2008,20.42
19/08/2008,21.28
18/08/2008,20.98
15/08/2008,19.58
14/08/2008,20.34
13/08/2008,21.55
12/08/2008,21.17
11/08/2008,20.12
08/08/2008,20.66
07/08/2008,21.15
06/08/2008,20.23
05/08/2008,21.14
04/08/2008,23.49
01/08/2008,22.57
31/07/2008,22.94
30/07/2008,21.21
29/07/2008,22.03
28/07/2008,24.23
25/07/2008,22.91
24/07/2008,23.44
23/07/2008,21.31
22/07/2008,21.18
21/07/2008,23.05
18/07/2008,24.05
17/07/2008,25.01
16/07/2008,25.1
15/07/2008,28.54
14/07/2008,28.48
11/07/2008,27.49
10/07/2008,25.59
09/07/2008,25.23
08/07/2008,23.15
07/07/2008,25.78
03/07/2008,24.78
02/07/2008,25.92
01/07/2008,23.65
30/06/2008,23.95
27/06/2008,23.44
26/06/2008,23.93
25/06/2008,21.14
24/06/2008,22.42
23/06/2008,22.64
20/06/2008,22.87
19/06/2008,21.58
18/06/2008,22.24
17/06/2008,21.13
16/06/2008,20.95
13/06/2008,21.22
12/06/2008,23.33
11/06/2008,24.12
10/06/2008,23.18
09/06/2008,23.12
06/06/2008,23.56
05/06/2008,18.63
04/06/2008,20.8
03/06/2008,20.24
02/06/2008,19.83
30/05/2008,17.83
29/05/2008,18.14
28/05/2008,19.07
27/05/2008,19.64
23/05/2008,19.55
22/05/2008,18.05
21/05/2008,18.59
20/05/2008,17.58
19/05/2008,17.01
16/05/2008,16.47
15/05/2008,16.3
14/05/2008,17.66
13/05/2008,17.98
12/05/2008,17.79
09/05/2008,19.41
08/05/2008,19.4
07/05/2008,19.73
06/05/2008,18.21
05/05/2008,18.9
02/05/2008,18.18
01/05/2008,18.88
30/04/2008,20.79
29/04/2008,20.24
28/04/2008,19.64
25/04/2008,19.59
24/04/2008,20.06
23/04/2008,20.26
22/04/2008,20.87
21/04/2008,20.5
18/04/2008,20.13
17/04/2008,20.37
16/04/2008,20.53
15/04/2008,22.78
14/04/2008,23.82
11/04/2008,23.46
10/04/2008,21.98
09/04/2008,22.81
08/04/2008,22.36
07/04/2008,22.42
04/04/2008,22.45
03/04/2008,23.21
02/04/2008,23.43
01/04/2008,22.68
31/03/2008,25.61
28/03/2008,25.71
27/03/2008,25.88
26/03/2008,26.08
25/03/2008,25.72
24/03/2008,25.73
20/03/2008,26.62
19/03/2008,29.84
18/03/2008,25.79
17/03/2008,32.24
14/03/2008,31.16
13/03/2008,27.29
12/03/2008,27.22
11/03/2008,26.36
10/03/2008,29.38
07/03/2008,27.49
06/03/2008,27.55
05/03/2008,24.6
04/03/2008,25.52
03/03/2008,26.28
29/02/2008,26.54
28/02/2008,23.53
27/02/2008,22.69
26/02/2008,21.9
25/02/2008,23.03
22/02/2008,24.06
21/02/2008,25.12
20/02/2008,24.4
19/02/2008,25.59
15/02/2008,25.02
14/02/2008,25.54
13/02/2008,24.88
12/02/2008,26.33
11/02/2008,27.6
08/02/2008,28.01
07/02/2008,27.66
06/02/2008,28.97
05/02/2008,28.24
04/02/2008,25.99
01/02/2008,24.02
31/01/2008,26.2
30/01/2008,27.62
29/01/2008,27.32
28/01/2008,27.78
25/01/2008,29.08
24/01/2008,27.78
23/01/2008,29.02
22/01/2008,31.01
18/01/2008,27.18
17/01/2008,28.46
16/01/2008,24.38
15/01/2008,23.34
14/01/2008,22.9
11/01/2008,23.68
10/01/2008,23.45
09/01/2008,24.12
08/01/2008,25.43
07/01/2008,23.79
04/01/2008,23.94
03/01/2008,22.49
02/01/2008,23.17
31/12/2007,22.5
28/12/2007,20.74
27/12/2007,20.26
26/12/2007,18.66
24/12/2007,18.6
21/12/2007,18.47
20/12/2007,20.58
19/12/2007,21.68
18/12/2007,22.64
17/12/2007,24.52
14/12/2007,23.27
13/12/2007,22.56
12/12/2007,22.47
11/12/2007,23.59
10/12/2007,20.74
07/12/2007,20.85
06/12/2007,20.96
05/12/2007,22.53
04/12/2007,23.79
03/12/2007,23.61
30/11/2007,22.87
29/11/2007,23.97
28/11/2007,24.11
27/11/2007,26.28
26/11/2007,28.91
23/11/2007,25.61
21/11/2007,26.84
20/11/2007,24.88
19/11/2007,26.01
16/11/2007,25.49
15/11/2007,28.06
14/11/2007,25.94
13/11/2007,24.1
12/11/2007,31.09
09/11/2007,28.5
08/11/2007,26.16
07/11/2007,26.49
06/11/2007,21.39
05/11/2007,24.31
02/11/2007,23.01
01/11/2007,23.21
31/10/2007,18.53
30/10/2007,21.07
29/10/2007,19.87
26/10/2007,19.56
25/10/2007,21.17
24/10/2007,20.8
23/10/2007,20.41
22/10/2007,21.64
19/10/2007,22.96
18/10/2007,18.5
17/10/2007,18.54
16/10/2007,20.02
15/10/2007,19.25
12/10/2007,17.73
11/10/2007,18.88
10/10/2007,16.67
09/10/2007,16.12
08/10/2007,17.46
05/10/2007,16.91
04/10/2007,18.44
03/10/2007,18.8
02/10/2007,18.49
01/10/2007,17.84
28/09/2007,18
27/09/2007,17
26/09/2007,17.63
25/09/2007,18.6
24/09/2007,19.37
21/09/2007,19
20/09/2007,20.45
19/09/2007,20.03
18/09/2007,20.35
17/09/2007,26.48
14/09/2007,24.92
13/09/2007,24.76
12/09/2007,24.96
11/09/2007,25.27
10/09/2007,27.38
07/09/2007,26.23
06/09/2007,23.99
05/09/2007,24.58
04/09/2007,22.78
31/08/2007,23.38
30/08/2007,25.06
29/08/2007,23.81
28/08/2007,26.3
27/08/2007,22.72
24/08/2007,20.72
23/08/2007,22.62
22/08/2007,22.89
21/08/2007,25.25
20/08/2007,26.33
17/08/2007,29.99
16/08/2007,30.83
15/08/2007,30.67
14/08/2007,27.68
13/08/2007,26.57
10/08/2007,28.3
09/08/2007,26.48
08/08/2007,21.45
07/08/2007,21.56
06/08/2007,22.94
03/08/2007,25.16
02/08/2007,21.22
01/08/2007,23.67
31/07/2007,23.52
30/07/2007,20.87
27/07/2007,24.17
26/07/2007,20.74
25/07/2007,18.1
24/07/2007,18.55
23/07/2007,16.81
20/07/2007,16.95
19/07/2007,15.23
18/07/2007,16
17/07/2007,15.63
16/07/2007,15.59
13/07/2007,15.15
12/07/2007,15.54
11/07/2007,16.64
10/07/2007,17.57
09/07/2007,15.16
06/07/2007,14.72
05/07/2007,15.48
03/07/2007,14.92
02/07/2007,15.4
29/06/2007,16.23
28/06/2007,15.54
27/06/2007,15.53
26/06/2007,18.89
25/06/2007,16.65
22/06/2007,15.75
21/06/2007,14.21
20/06/2007,14.67
19/06/2007,12.85
18/06/2007,13.42
15/06/2007,13.94
14/06/2007,13.64
13/06/2007,14.73
12/06/2007,16.67
11/06/2007,14.71
08/06/2007,14.84
07/06/2007,17.06
06/06/2007,14.87
05/06/2007,13.63
04/06/2007,13.29
01/06/2007,12.78
31/05/2007,13.05
30/05/2007,12.83
29/05/2007,13.53
25/05/2007,13.34
24/05/2007,14.08
23/05/2007,13.24
22/05/2007,13.06
21/05/2007,13.3
18/05/2007,12.76
17/05/2007,13.51
16/05/2007,13.5
15/05/2007,14.01
14/05/2007,13.96
11/05/2007,12.95
10/05/2007,13.6
09/05/2007,12.88
08/05/2007,13.21
07/05/2007,13.15
04/05/2007,12.91
03/05/2007,13.09
02/05/2007,13.08
01/05/2007,13.51
30/04/2007,14.22
27/04/2007,12.45
26/04/2007,12.79
25/04/2007,13.21
24/04/2007,13.12
23/04/2007,13.04
20/04/2007,12.07
19/04/2007,12.54
18/04/2007,12.42
17/04/2007,12.14
16/04/2007,11.98
13/04/2007,12.2
12/04/2007,12.71
11/04/2007,13.49
10/04/2007,12.68
09/04/2007,13.14
05/04/2007,13.23
04/04/2007,13.24
03/04/2007,13.46
02/04/2007,14.53
30/03/2007,14.64
29/03/2007,15.14
28/03/2007,14.98
27/03/2007,13.48
26/03/2007,13.16
23/03/2007,12.95
22/03/2007,12.93
21/03/2007,12.19
20/03/2007,13.27
19/03/2007,14.59
16/03/2007,16.79
15/03/2007,16.43
14/03/2007,17.27
13/03/2007,18.13
12/03/2007,13.99
09/03/2007,14.09
08/03/2007,14.29
07/03/2007,15.24
06/03/2007,15.96
05/03/2007,19.63
02/03/2007,18.61
01/03/2007,15.82
28/02/2007,15.42
27/02/2007,18.31
26/02/2007,11.15
23/02/2007,10.58
22/02/2007,10.18
21/02/2007,10.2
20/02/2007,10.24
16/02/2007,10.02
15/02/2007,10.22
14/02/2007,10.23
13/02/2007,10.34
12/02/2007,11.61
09/02/2007,11.1
08/02/2007,10.44
07/02/2007,10.32
06/02/2007,10.65
05/02/2007,10.55
02/02/2007,10.08
01/02/2007,10.31
31/01/2007,10.42
30/01/2007,10.96
29/01/2007,11.45
26/01/2007,11.13
25/01/2007,11.22
24/01/2007,9.89
23/01/2007,10.34
22/01/2007,10.77
19/01/2007,10.4
18/01/2007,10.85
17/01/2007,10.59
16/01/2007,10.74
12/01/2007,10.15
11/01/2007,10.87
10/01/2007,11.47
09/01/2007,11.91
08/01/2007,12
05/01/2007,12.14
04/01/2007,11.51
03/01/2007,12.04
29/12/2006,11.56
28/12/2006,10.99
27/12/2006,10.64
26/12/2006,11.26
22/12/2006,11.36
21/12/2006,10.53
20/12/2006,10.26
19/12/2006,10.3
18/12/2006,10.6
15/12/2006,10.05
14/12/2006,9.97
13/12/2006,10.18
12/12/2006,10.65
11/12/2006,10.71
08/12/2006,12.07
07/12/2006,12.67
06/12/2006,11.33
05/12/2006,11.27
04/12/2006,11.23
01/12/2006,11.66
30/11/2006,10.91
29/11/2006,10.83
28/11/2006,11.62
27/11/2006,12.3
24/11/2006,10.73
22/11/2006,10.14
21/11/2006,9.9
20/11/2006,9.97
17/11/2006,10.05
16/11/2006,10.16
15/11/2006,10.31
14/11/2006,10.5
13/11/2006,10.86
10/11/2006,10.79
09/11/2006,11.01
08/11/2006,10.75
07/11/2006,11.09
06/11/2006,11.16
03/11/2006,11.16
02/11/2006,11.42
01/11/2006,11.51
31/10/2006,11.1
30/10/2006,11.2
27/10/2006,10.8
26/10/2006,10.56
25/10/2006,10.66
24/10/2006,10.78
23/10/2006,11.08
20/10/2006,10.63
19/10/2006,10.9
18/10/2006,11.34
17/10/2006,11.73
16/10/2006,11.09
13/10/2006,10.75
12/10/2006,11.09
11/10/2006,11.62
10/10/2006,11.52
09/10/2006,11.68
06/10/2006,11.56
05/10/2006,11.98
04/10/2006,11.86
03/10/2006,12.24
02/10/2006,12.57
29/09/2006,11.98
28/09/2006,11.72
27/09/2006,11.58
26/09/2006,11.53
25/09/2006,12.12
22/09/2006,12.59
21/09/2006,12.25
20/09/2006,11.39
19/09/2006,11.98
18/09/2006,11.78
15/09/2006,11.76
14/09/2006,11.55
13/09/2006,11.18
12/09/2006,11.92
11/09/2006,12.99
08/09/2006,13.16
07/09/2006,13.88
06/09/2006,13.74
05/09/2006,12.63
01/09/2006,11.96
31/08/2006,12.31
30/08/2006,12.22
29/08/2006,12.28
28/08/2006,12.18
25/08/2006,12.31
24/08/2006,12.4
23/08/2006,12.4
22/08/2006,12.19
21/08/2006,12.22
18/08/2006,11.64
17/08/2006,12.24
16/08/2006,12.41
15/08/2006,13.42
14/08/2006,14.26
11/08/2006,14.3
10/08/2006,14.46
09/08/2006,15.2
08/08/2006,15.23
07/08/2006,15.23
04/08/2006,14.34
03/08/2006,14.46
02/08/2006,14.34
01/08/2006,15.05
31/07/2006,14.95
28/07/2006,14.33
27/07/2006,14.94
26/07/2006,14.62
25/07/2006,14.85
24/07/2006,14.98
21/07/2006,17.4
20/07/2006,16.21
19/07/2006,15.55
18/07/2006,17.74
17/07/2006,18.64
14/07/2006,18.05
13/07/2006,17.79
12/07/2006,14.49
11/07/2006,13.14
10/07/2006,14.02
07/07/2006,13.97
06/07/2006,13.65
05/07/2006,14.15
03/07/2006,13.05
30/06/2006,13.08
29/06/2006,13.03
28/06/2006,15.79
27/06/2006,16.4
26/06/2006,15.62
23/06/2006,15.89
22/06/2006,15.88
21/06/2006,15.52
20/06/2006,16.69
19/06/2006,17.83
16/06/2006,17.25
15/06/2006,15.9
14/06/2006,21.46
13/06/2006,23.81
12/06/2006,20.96
09/06/2006,18.12
08/06/2006,18.35
07/06/2006,17.8
06/06/2006,17.34
05/06/2006,16.65
02/06/2006,14.32
01/06/2006,14.52
31/05/2006,16.44
30/05/2006,18.66
26/05/2006,14.26
25/05/2006,15.5
24/05/2006,17.36
23/05/2006,18.26
22/05/2006,17.72
19/05/2006,17.18
18/05/2006,16.99
17/05/2006,16.26
16/05/2006,13.35
15/05/2006,13.57
12/05/2006,14.19
11/05/2006,12.49
10/05/2006,11.78
09/05/2006,11.99
08/05/2006,12
05/05/2006,11.62
04/05/2006,11.86
03/05/2006,11.99
02/05/2006,11.99
01/05/2006,12.54
28/04/2006,11.59
27/04/2006,11.84
26/04/2006,11.76
25/04/2006,11.75
24/04/2006,11.75
21/04/2006,11.59
20/04/2006,11.64
19/04/2006,11.32
18/04/2006,11.4
17/04/2006,12.58
13/04/2006,12.38
12/04/2006,12.76
11/04/2006,13
10/04/2006,12.19
07/04/2006,12.26
06/04/2006,11.45
05/04/2006,11.13
04/04/2006,11.14
03/04/2006,11.57
31/03/2006,11.39
30/03/2006,11.57
29/03/2006,10.95
28/03/2006,11.58
27/03/2006,11.46
24/03/2006,11.19
23/03/2006,11.17
22/03/2006,11.21
21/03/2006,11.62
20/03/2006,11.79
17/03/2006,12.12
16/03/2006,11.98
15/03/2006,11.35
14/03/2006,10.74
13/03/2006,11.37
10/03/2006,11.85
09/03/2006,12.68
08/03/2006,12.32
07/03/2006,12.66
06/03/2006,12.74
03/03/2006,11.96
02/03/2006,11.72
01/03/2006,11.54
28/02/2006,12.34
27/02/2006,11.59
24/02/2006,11.46
23/02/2006,11.87
22/02/2006,11.88
21/02/2006,12.41
17/02/2006,12.01
16/02/2006,11.48
15/02/2006,12.31
14/02/2006,12.25
13/02/2006,13.35
10/02/2006,12.87
09/02/2006,13.12
08/02/2006,12.83
07/02/2006,13.59
06/02/2006,13.04
03/02/2006,12.96
02/02/2006,13.23
01/02/2006,12.36
31/01/2006,12.95
30/01/2006,12.39
27/01/2006,11.97
26/01/2006,12.42
25/01/2006,12.87
24/01/2006,13.31
23/01/2006,13.93
20/01/2006,14.56
19/01/2006,11.98
18/01/2006,12.25
17/01/2006,11.91
13/01/2006,11.23
12/01/2006,11.2
11/01/2006,10.94
10/01/2006,10.86
09/01/2006,11.13
06/01/2006,11
05/01/2006,11.31
04/01/2006,11.37
03/01/2006,11.14
30/12/2005,12.07
29/12/2005,11.61
28/12/2005,11.35
27/12/2005,11.57
23/12/2005,10.27
22/12/2005,10.29
21/12/2005,10.81
20/12/2005,11.19
19/12/2005,11.38
16/12/2005,10.68
15/12/2005,10.73
14/12/2005,10.48
13/12/2005,11.11
12/12/2005,11.47
09/12/2005,11.69
08/12/2005,12.21
07/12/2005,12.18
06/12/2005,11.52
05/12/2005,11.6
02/12/2005,11.01
01/12/2005,11.24
30/11/2005,12.06
29/11/2005,11.89
28/11/2005,11.84
25/11/2005,10.88
23/11/2005,10.96
22/11/2005,10.6
21/11/2005,10.82
18/11/2005,11.12
17/11/2005,11.25
16/11/2005,12.26
15/11/2005,12.23
14/11/2005,12.18
11/11/2005,11.63
10/11/2005,11.9
09/11/2005,12.8
08/11/2005,13.08
07/11/2005,13.1
04/11/2005,13.17
03/11/2005,13
02/11/2005,13.48
01/11/2005,14.85
31/10/2005,15.32
28/10/2005,14.25
27/10/2005,16.02
26/10/2005,14.59
25/10/2005,14.53
24/10/2005,14.74
21/10/2005,16.13
20/10/2005,16.11
19/10/2005,13.5
18/10/2005,15.33
17/10/2005,14.67
14/10/2005,14.87
13/10/2005,16.47
12/10/2005,16.22
11/10/2005,15.63
10/10/2005,15.55
07/10/2005,14.59
06/10/2005,14.96
05/10/2005,14.55
04/10/2005,13.2
03/10/2005,12.46
30/09/2005,11.92
29/09/2005,12.24
28/09/2005,12.63
27/09/2005,12.76
26/09/2005,13.04
23/09/2005,12.96
22/09/2005,13.33
21/09/2005,13.79
20/09/2005,12.64
19/09/2005,12.14
16/09/2005,11.22
15/09/2005,12.49
14/09/2005,12.91
13/09/2005,12.39
12/09/2005,11.65
09/09/2005,11.98
08/09/2005,12.93
07/09/2005,12.52
06/09/2005,12.93
02/09/2005,13.57
01/09/2005,13.15
31/08/2005,12.6
30/08/2005,13.65
29/08/2005,13.52
26/08/2005,13.72
25/08/2005,13.73
24/08/2005,14.17
23/08/2005,13.34
22/08/2005,13.42
19/08/2005,13.42
18/08/2005,13.42
17/08/2005,13.3
16/08/2005,13.52
15/08/2005,12.26
12/08/2005,12.74
11/08/2005,12.42
10/08/2005,12.38
09/08/2005,12.4
08/08/2005,13.21
05/08/2005,12.48
04/08/2005,12.52
03/08/2005,11.83
02/08/2005,11.75
01/08/2005,12.08
29/07/2005,11.57
28/07/2005,10.52
27/07/2005,10.36
26/07/2005,10.99
25/07/2005,11.1
22/07/2005,10.52
21/07/2005,10.97
20/07/2005,10.23
19/07/2005,10.45
18/07/2005,10.77
15/07/2005,10.33
14/07/2005,10.81
13/07/2005,10.84
12/07/2005,10.95
11/07/2005,11.28
08/07/2005,11.45
07/07/2005,12.49
06/07/2005,12.27
05/07/2005,11.68
01/07/2005,11.4
30/06/2005,12.04
29/06/2005,11.77
28/06/2005,11.58
27/06/2005,12.52
24/06/2005,12.18
23/06/2005,12.13
22/06/2005,11.05
21/06/2005,11.08
20/06/2005,11.47
17/06/2005,11.48
16/06/2005,11.15
15/06/2005,11.46
14/06/2005,11.79
13/06/2005,11.65
10/06/2005,11.96
09/06/2005,12.08
08/06/2005,12.7
07/06/2005,12.39
06/06/2005,12.28
03/06/2005,12.15
02/06/2005,11.84
01/06/2005,12.36
31/05/2005,13.29
27/05/2005,12.15
26/05/2005,12.24
25/05/2005,12.58
24/05/2005,12.69
23/05/2005,12.95
20/05/2005,13.14
19/05/2005,13.32
18/05/2005,13.63
17/05/2005,14.57
16/05/2005,15.68
13/05/2005,16.32
12/05/2005,16.12
11/05/2005,14.45
10/05/2005,14.91
09/05/2005,13.75
06/05/2005,14.05
05/05/2005,13.98
04/05/2005,13.85
03/05/2005,14.53
02/05/2005,15.12
29/04/2005,15.31
28/04/2005,16.86
27/04/2005,14.87
26/04/2005,14.91
25/04/2005,14.62
22/04/2005,15.38
21/04/2005,14.41
20/04/2005,16.92
19/04/2005,14.96
18/04/2005,16.56
15/04/2005,17.74
14/04/2005,14.53
13/04/2005,13.31
12/04/2005,11.3
11/04/2005,11.98
08/04/2005,12.62
07/04/2005,12.33
06/04/2005,13.15
05/04/2005,13.68
04/04/2005,14.11
01/04/2005,14.09
31/03/2005,14.02
30/03/2005,13.64
29/03/2005,14.49
28/03/2005,13.75
24/03/2005,13.42
23/03/2005,14.06
22/03/2005,14.27
21/03/2005,13.61
18/03/2005,13.14
17/03/2005,13.29
16/03/2005,13.49
15/03/2005,13.15
14/03/2005,12.39
11/03/2005,12.8
10/03/2005,12.49
09/03/2005,12.7
08/03/2005,12.4
07/03/2005,12.26
04/03/2005,11.94
03/03/2005,12.93
02/03/2005,12.5
01/03/2005,12.04
28/02/2005,12.08
25/02/2005,11.49
24/02/2005,11.57
23/02/2005,12.39
22/02/2005,13.14
18/02/2005,11.18
17/02/2005,11.77
16/02/2005,11.1
15/02/2005,11.27
14/02/2005,11.52
11/02/2005,11.43
10/02/2005,11.51
09/02/2005,12
08/02/2005,11.6
07/02/2005,11.73
04/02/2005,11.21
03/02/2005,11.79
02/02/2005,11.66
01/02/2005,12.03
31/01/2005,12.82
28/01/2005,13.24
27/01/2005,13.24
26/01/2005,13.44
25/01/2005,14.06
24/01/2005,14.65
21/01/2005,14.36
20/01/2005,13.83
19/01/2005,13.18
18/01/2005,12.47
14/01/2005,12.43
13/01/2005,12.84
12/01/2005,12.56
11/01/2005,13.19
10/01/2005,13.23
07/01/2005,13.49
06/01/2005,13.58
05/01/2005,14.09
04/01/2005,13.98
03/01/2005,14.08
31/12/2004,13.29
30/12/2004,12.56
29/12/2004,11.62
28/12/2004,12
27/12/2004,12.14
23/12/2004,11.23
22/12/2004,11.45
21/12/2004,11.55
20/12/2004,11.83
17/12/2004,11.95
16/12/2004,12.27
15/12/2004,12.35
14/12/2004,12.73
13/12/2004,12.54
10/12/2004,12.76
09/12/2004,12.88
08/12/2004,13.19
07/12/2004,13.67
06/12/2004,13.19
03/12/2004,12.96
02/12/2004,12.98
01/12/2004,12.97
30/11/2004,13.24
29/11/2004,13.3
26/11/2004,12.78
24/11/2004,12.72
23/11/2004,12.67
22/11/2004,12.97
19/11/2004,13.5
18/11/2004,12.98
17/11/2004,13.21
16/11/2004,13.21
15/11/2004,13.38
12/11/2004,13.33
11/11/2004,13.04
10/11/2004,13.08
09/11/2004,13.61
08/11/2004,13.8
05/11/2004,13.84
04/11/2004,13.97
03/11/2004,14.04
02/11/2004,16.18
01/11/2004,16.27
29/10/2004,16.27
28/10/2004,15.39
27/10/2004,15.72
26/10/2004,16.39
25/10/2004,16.58
22/10/2004,15.28
21/10/2004,14.54
20/10/2004,14.85
19/10/2004,15.13
18/10/2004,14.71
15/10/2004,15.04
14/10/2004,16.43
13/10/2004,15.42
12/10/2004,15.05
11/10/2004,14.71
08/10/2004,15.05
07/10/2004,14.5
06/10/2004,13.28
05/10/2004,13.95
04/10/2004,13.41
01/10/2004,12.75
30/09/2004,13.34
29/09/2004,13.21
28/09/2004,13.83
27/09/2004,14.62
24/09/2004,14.28
23/09/2004,14.8
22/09/2004,14.74
21/09/2004,13.66
20/09/2004,14.43
17/09/2004,14.03
16/09/2004,14.39
15/09/2004,14.64
14/09/2004,13.56
13/09/2004,13.17
10/09/2004,13.76
09/09/2004,14.01
08/09/2004,14.06
07/09/2004,14.07
03/09/2004,13.91
02/09/2004,14.28
01/09/2004,14.91
31/08/2004,15.29
30/08/2004,15.44
27/08/2004,14.71
26/08/2004,14.91
25/08/2004,14.98
24/08/2004,15.33
23/08/2004,15.88
20/08/2004,16
19/08/2004,16.96
18/08/2004,16.23
17/08/2004,17.02
16/08/2004,17.57
13/08/2004,17.98
12/08/2004,19.08
11/08/2004,18.04
10/08/2004,17.47
09/08/2004,18.89
06/08/2004,19.34
05/08/2004,18.32
04/08/2004,16.21
03/08/2004,16.03
02/08/2004,15.37
30/07/2004,15.32
29/07/2004,15.68
28/07/2004,16.15
27/07/2004,16.55
26/07/2004,17.3
23/07/2004,16.5
22/07/2004,15.75
21/07/2004,16.41
20/07/2004,14.17
19/07/2004,15.17
16/07/2004,14.34
15/07/2004,14.71
14/07/2004,13.76
13/07/2004,14.46
12/07/2004,14.96
09/07/2004,15.78
08/07/2004,16.2
07/07/2004,15.81
06/07/2004,16.25
02/07/2004,15.08
01/07/2004,15.2
30/06/2004,14.34
29/06/2004,15.47
28/06/2004,16.07
25/06/2004,15.19
24/06/2004,14.81
23/06/2004,13.98
22/06/2004,14.31
21/06/2004,15.26
18/06/2004,14.99
17/06/2004,15.15
16/06/2004,14.79
15/06/2004,15.05
14/06/2004,16.07
10/06/2004,15.04
09/06/2004,15.39
08/06/2004,15.01
07/06/2004,15.39
04/06/2004,16.78
03/06/2004,17.03
02/06/2004,16.08
01/06/2004,16.3
28/05/2004,15.5
27/05/2004,15.28
26/05/2004,15.97
25/05/2004,15.96
24/05/2004,18.08
21/05/2004,18.49
20/05/2004,18.67
19/05/2004,18.93
18/05/2004,19.33
17/05/2004,19.96
14/05/2004,18.47
13/05/2004,18.86
12/05/2004,18.14
11/05/2004,18.57
10/05/2004,19.77
07/05/2004,18.13
06/05/2004,17.05
05/05/2004,15.77
04/05/2004,16.55
03/05/2004,16.62
30/04/2004,17.19
29/04/2004,16.6
28/04/2004,16.29
27/04/2004,15.07
26/04/2004,14.77
23/04/2004,14.01
22/04/2004,14.61
21/04/2004,15.6
20/04/2004,16.67
19/04/2004,15.42
16/04/2004,14.94
15/04/2004,15.74
14/04/2004,15.62
13/04/2004,17.26
12/04/2004,15.28
08/04/2004,16.26
07/04/2004,15.76
06/04/2004,15.32
05/04/2004,14.97
02/04/2004,15.64
01/04/2004,16.65
31/03/2004,16.74
30/03/2004,16.28
29/03/2004,16.5
26/03/2004,17.33
25/03/2004,17.88
24/03/2004,19.81
23/03/2004,20.67
22/03/2004,21.58
19/03/2004,19.15
18/03/2004,18.53
17/03/2004,18.11
16/03/2004,20.34
15/03/2004,21.13
12/03/2004,18.3
11/03/2004,20.67
10/03/2004,18.67
09/03/2004,16.6
08/03/2004,15.79
05/03/2004,14.48
04/03/2004,14.4
03/03/2004,14.55
02/03/2004,14.86
01/03/2004,14.44
27/02/2004,14.55
26/02/2004,14.83
25/02/2004,14.93
24/02/2004,15.9
23/02/2004,16.29
20/02/2004,16.04
19/02/2004,15.8
18/02/2004,15.59
17/02/2004,15.4
13/02/2004,15.58
12/02/2004,15.31
11/02/2004,15.39
10/02/2004,15.94
09/02/2004,16.39
06/02/2004,16
05/02/2004,17.71
04/02/2004,17.87
03/02/2004,17.34
02/02/2004,17.11
30/01/2004,16.63
29/01/2004,17.14
28/01/2004,16.78
27/01/2004,15.35
26/01/2004,14.55
23/01/2004,14.84
22/01/2004,14.71
21/01/2004,14.34
20/01/2004,15.21
16/01/2004,15
15/01/2004,15.56
14/01/2004,16.75
13/01/2004,18.04
12/01/2004,16.82
09/01/2004,16.75
08/01/2004,15.61
07/01/2004,15.5
06/01/2004,16.73
05/01/2004,17.49
02/01/2004,18.22
31/12/2003,18.31
30/12/2003,17.68
29/12/2003,17.09
26/12/2003,17.45
24/12/2003,16.66
23/12/2003,16.49
22/12/2003,16.94
19/12/2003,16.42
18/12/2003,16.16
17/12/2003,15.58
16/12/2003,15.93
15/12/2003,17.23
12/12/2003,16.41
11/12/2003,16.73
10/12/2003,17.87
09/12/2003,17.63
08/12/2003,16.54
05/12/2003,17.09
04/12/2003,16.3
03/12/2003,16.63
02/12/2003,16.27
01/12/2003,16.77
28/11/2003,16.32
26/11/2003,16.23
25/11/2003,16.71
24/11/2003,17.44
21/11/2003,18.98
20/11/2003,19.48
19/11/2003,18.8
18/11/2003,19.11
17/11/2003,18.6
14/11/2003,16.94
13/11/2003,16.47
12/11/2003,16.75
11/11/2003,17.54
10/11/2003,17.62
07/11/2003,16.93
06/11/2003,16.74
05/11/2003,16.86
04/11/2003,16.55
03/11/2003,16.55
31/10/2003,16.1
30/10/2003,16.33
29/10/2003,16.43
28/10/2003,16.82
27/10/2003,18.05
24/10/2003,17.71
23/10/2003,17.68
22/10/2003,17.67
21/10/2003,16.55
20/10/2003,17.04
17/10/2003,17.62
16/10/2003,17.19
15/10/2003,17.69
14/10/2003,17.37
13/10/2003,17.55
10/10/2003,18.45
09/10/2003,18.82
08/10/2003,19.18
07/10/2003,19.41
06/10/2003,19.51
03/10/2003,19.5
02/10/2003,20.8
01/10/2003,21.07
30/09/2003,22.72
29/09/2003,21.67
26/09/2003,22.23
25/09/2003,22.26
24/09/2003,21.22
23/09/2003,19.47
22/09/2003,19.65
19/09/2003,17.54
18/09/2003,17.57
17/09/2003,18.15
16/09/2003,18.03
15/09/2003,19.28
12/09/2003,18.68
11/09/2003,19.25
10/09/2003,20.01
09/09/2003,18.85
08/09/2003,18.26
05/09/2003,18.17
04/09/2003,18.71
03/09/2003,19.44
02/09/2003,19.02
29/08/2003,18.63
28/08/2003,18.48
27/08/2003,19.13
26/08/2003,19.49
25/08/2003,19.53
22/08/2003,18.55
21/08/2003,17.84
20/08/2003,17.82
19/08/2003,17.86
18/08/2003,18.18
15/08/2003,18.27
14/08/2003,18.47
13/08/2003,18.77
12/08/2003,17.94
11/08/2003,19.75
08/08/2003,19.59
07/08/2003,20.26
06/08/2003,21.5
05/08/2003,22.68
04/08/2003,21.27
01/08/2003,20.75
31/07/2003,19.49
30/07/2003,18.85
29/07/2003,18.67
28/07/2003,18.36
25/07/2003,17.75
24/07/2003,18.6
23/07/2003,18.64
22/07/2003,19.17
21/07/2003,19.78
18/07/2003,19.11
17/07/2003,20.22
16/07/2003,19.76
15/07/2003,19.55
14/07/2003,19.59
11/07/2003,18.47
10/07/2003,19.19
09/07/2003,18.93
08/07/2003,19.48
07/07/2003,20.06
03/07/2003,19.39
02/07/2003,19.03
01/07/2003,19.46
30/06/2003,19.52
27/06/2003,19.16
26/06/2003,19.4
25/06/2003,20.81
24/06/2003,20.75
23/06/2003,20.58
20/06/2003,19.14
19/06/2003,19.8
18/06/2003,19.76
17/06/2003,20.01
16/06/2003,20.22
13/06/2003,20.66
12/06/2003,20.41
11/06/2003,20.21
10/06/2003,20.64
09/06/2003,22.15
06/06/2003,21.25
05/06/2003,20.83
04/06/2003,20.62
03/06/2003,20.84
02/06/2003,20.85
30/05/2003,19.47
29/05/2003,20.43
28/05/2003,20.03
27/05/2003,19.99
23/05/2003,19.17
22/05/2003,19.78
21/05/2003,21.21
20/05/2003,21.29
19/05/2003,20.51
16/05/2003,18.4
15/05/2003,19.24
14/05/2003,20
13/05/2003,19.91
12/05/2003,19.52
09/05/2003,19.69
08/05/2003,21.24
07/05/2003,21
06/05/2003,20.8
05/05/2003,21.13
02/05/2003,20.63
01/05/2003,21.59
30/04/2003,21.21
29/04/2003,20.76
28/04/2003,20.84
25/04/2003,20.8
24/04/2003,20.33
23/04/2003,20.8
22/04/2003,20.7
21/04/2003,21.95
17/04/2003,21.5
16/04/2003,22.52
15/04/2003,22.56
14/04/2003,23.41
11/04/2003,24.44
10/04/2003,25.6
09/04/2003,27.11
08/04/2003,27.13
07/04/2003,28.45
04/04/2003,29.13
03/04/2003,28.21
02/04/2003,28.02
01/04/2003,28.36
31/03/2003,29.15
28/03/2003,27.75
27/03/2003,27.96
26/03/2003,28.23
25/03/2003,28.75
24/03/2003,30.39
21/03/2003,28.67
20/03/2003,30.44
19/03/2003,31.54
18/03/2003,30.43
17/03/2003,31.75
14/03/2003,30.98
13/03/2003,31.76
12/03/2003,33.51
11/03/2003,33.61
10/03/2003,33.31
07/03/2003,31.08
06/03/2003,31.37
05/03/2003,30.38
04/03/2003,31.83
03/03/2003,30.43
28/02/2003,29.63
27/02/2003,30.53
26/02/2003,31.94
25/02/2003,31.74
24/02/2003,31.98
21/02/2003,30.25
20/02/2003,31.16
19/02/2003,31.31
18/02/2003,31.11
14/02/2003,32.62
13/02/2003,33.7
12/02/2003,34.33
11/02/2003,33.68
10/02/2003,33.99
07/02/2003,34.01
06/02/2003,33.35
05/02/2003,33.04
04/02/2003,32.76
03/02/2003,31.02
31/01/2003,31.17
30/01/2003,31.32
29/01/2003,31.26
28/01/2003,31.93
27/01/2003,34.69
24/01/2003,31.51
23/01/2003,27.53
22/01/2003,29.01
21/01/2003,27.59
17/01/2003,25.7
16/01/2003,25.01
15/01/2003,25.51
14/01/2003,24.57
13/01/2003,24.9
10/01/2003,24.32
09/01/2003,24.25
08/01/2003,25.53
07/01/2003,25.13
06/01/2003,24.91
03/01/2003,24.68
02/01/2003,25.39
31/12/2002,28.62
30/12/2002,29.62
27/12/2002,29.55
26/12/2002,27.37
24/12/2002,26.49
23/12/2002,26.2
20/12/2002,26.71
19/12/2002,30.21
18/12/2002,28.29
17/12/2002,26.66
16/12/2002,26.24
13/12/2002,28.18
12/12/2002,27.29
11/12/2002,27.76
10/12/2002,28.76
09/12/2002,30.78
06/12/2002,28.88
05/12/2002,30.1
04/12/2002,28.92
03/12/2002,28.33
02/12/2002,27.46
29/11/2002,27.5
27/11/2002,27.25
26/11/2002,25.97
25/11/2002,24.07
22/11/2002,23.16
21/11/2002,23.81
20/11/2002,25.32
19/11/2002,27.41
18/11/2002,27.66
15/11/2002,26.65
14/11/2002,28.67
13/11/2002,31.24
12/11/2002,30.58
11/11/2002,31.3
08/11/2002,29.41
07/11/2002,31.42
06/11/2002,30.73
05/11/2002,31.23
04/11/2002,30.82
01/11/2002,29.3
31/10/2002,31.14
30/10/2002,31.23
29/10/2002,32.27
28/10/2002,31.07
25/10/2002,30
24/10/2002,34.03
23/10/2002,33.2
22/10/2002,34.09
21/10/2002,33.11
18/10/2002,33.53
17/10/2002,34.1
16/10/2002,36
15/10/2002,34.02
14/10/2002,36.04
11/10/2002,35.7
10/10/2002,37.55
09/10/2002,42.13
08/10/2002,41.02
07/10/2002,42.64
04/10/2002,39.46
03/10/2002,37.31
02/10/2002,36.83
01/10/2002,34.12
30/09/2002,39.69
27/09/2002,36.97
26/09/2002,34.6
25/09/2002,37.33
24/09/2002,40.52
23/09/2002,39.68
20/09/2002,38.98
19/09/2002,40.65
18/09/2002,37.52
17/09/2002,38.01
16/09/2002,36.74
13/09/2002,35.82
12/09/2002,37.5
11/09/2002,34.81
10/09/2002,35.08
09/09/2002,36.45
06/09/2002,36.33
05/09/2002,38.86
04/09/2002,37.44
03/09/2002,39.97
30/08/2002,32.64
29/08/2002,33.67
28/08/2002,33.32
27/08/2002,30.11
26/08/2002,29.89
23/08/2002,29.32
22/08/2002,27.75
21/08/2002,28.23
20/08/2002,29.59
19/08/2002,28.61
16/08/2002,28.81
15/08/2002,29.43
14/08/2002,32.36
13/08/2002,35.82
12/08/2002,37.05
09/08/2002,35.33
08/08/2002,36.33
07/08/2002,38.73
06/08/2002,42.03
05/08/2002,45.08
02/08/2002,41.29
01/08/2002,36.95
31/07/2002,32.03
30/07/2002,31.92
29/07/2002,31.33
26/07/2002,35.51
25/07/2002,39.27
24/07/2002,39.86
23/07/2002,44.92
22/07/2002,41.87
19/07/2002,38.17
18/07/2002,35.12
17/07/2002,35.45
16/07/2002,36.65
15/07/2002,35.03
12/07/2002,32.94
11/07/2002,33.85
10/07/2002,34.1
09/07/2002,30.22
08/07/2002,28.25
05/07/2002,27.11
03/07/2002,29.42
02/07/2002,28.96
01/07/2002,27.11
28/06/2002,25.4
27/06/2002,26.29
26/06/2002,28.42
25/06/2002,27.84
24/06/2002,26.98
21/06/2002,27.23
20/06/2002,27.48
19/06/2002,26.06
18/06/2002,24.24
17/06/2002,24.64
14/06/2002,25.96
13/06/2002,25.02
12/06/2002,24.15
11/06/2002,24.45
10/06/2002,23.72
07/06/2002,23.51
06/06/2002,24.16
05/06/2002,22.61
04/06/2002,23.89
03/06/2002,23.37
31/05/2002,19.98
30/05/2002,20.61
29/05/2002,20.39
28/05/2002,20.31
24/05/2002,18.9
23/05/2002,18.23
22/05/2002,19.58
21/05/2002,20.05
20/05/2002,19.24
17/05/2002,17.7
16/05/2002,18.5
15/05/2002,19.19
14/05/2002,19.35
13/05/2002,20.72
10/05/2002,22.41
09/05/2002,21.56
08/05/2002,20.39
07/05/2002,21.94
06/05/2002,22.56
03/05/2002,20.19
02/05/2002,20.07
01/05/2002,20.06
30/04/2002,21.91
29/04/2002,24.05
26/04/2002,22.14
25/04/2002,20.95
24/04/2002,20.77
23/04/2002,20.28
22/04/2002,19.77
19/04/2002,18.3
18/04/2002,19.29
17/04/2002,18.43
16/04/2002,18.11
15/04/2002,19.82
12/04/2002,19.42
11/04/2002,20.3
10/04/2002,18.19
09/04/2002,19.47
08/04/2002,19.61
05/04/2002,19.13
04/04/2002,19.78
03/04/2002,20.2
02/04/2002,19.16
01/04/2002,18.73
28/03/2002,17.4
27/03/2002,17.7
26/03/2002,18.13
25/03/2002,18.48
22/03/2002,17.77
21/03/2002,18.15
20/03/2002,18.46
19/03/2002,18.16
18/03/2002,18.93
15/03/2002,18.42
14/03/2002,19.2
13/03/2002,19.46
12/03/2002,19.59
11/03/2002,19.84
08/03/2002,19.27
07/03/2002,20.04
06/03/2002,19.94
05/03/2002,20.3
04/03/2002,20.5
01/03/2002,19.96
28/02/2002,21.59
27/02/2002,21.49
26/02/2002,21.68
25/02/2002,21.84
22/02/2002,22.86
21/02/2002,23.8
20/02/2002,22.66
19/02/2002,24.43
15/02/2002,22.37
14/02/2002,21.77
13/02/2002,20.85
12/02/2002,21.62
11/02/2002,21.78
08/02/2002,23.26
07/02/2002,25.11
06/02/2002,26.09
05/02/2002,25.45
04/02/2002,24.87
01/02/2002,21.12
31/01/2002,21.09
30/01/2002,23.22
29/01/2002,24.35
28/01/2002,21.14
25/01/2002,21.01
24/01/2002,21.15
23/01/2002,21.88
22/01/2002,23.61
18/01/2002,22.52
17/01/2002,22.25
16/01/2002,23.45
15/01/2002,22.7
14/01/2002,23.58
11/01/2002,22.6
10/01/2002,22.36
09/01/2002,22.13
08/01/2002,21.83
07/01/2002,21.94
04/01/2002,20.45
03/01/2002,21.34
02/01/2002,22.71
31/12/2001,23.8
28/12/2001,21.4
27/12/2001,21.59
26/12/2001,22.29
24/12/2001,22.62
21/12/2001,22.5
20/12/2001,23.67
19/12/2001,22.58
18/12/2001,23.29
17/12/2001,24.26
14/12/2001,24.63
13/12/2001,25.91
12/12/2001,24.87
11/12/2001,25.3
10/12/2001,25.62
07/12/2001,23.49
06/12/2001,23.71
05/12/2001,23.02
04/12/2001,24.08
03/12/2001,25.77
30/11/2001,23.84
29/11/2001,25.18
28/11/2001,25.9
27/11/2001,24
26/11/2001,23.79
23/11/2001,23.25
21/11/2001,24.19
20/11/2001,24.12
19/11/2001,24.46
16/11/2001,25.07
15/11/2001,25.56
14/11/2001,26.56
13/11/2001,26.47
12/11/2001,29.35
09/11/2001,27.44
08/11/2001,28.62
07/11/2001,29.13
06/11/2001,28.8
05/11/2001,30.5
02/11/2001,30.71
01/11/2001,32.31
31/10/2001,33.56
30/10/2001,33.46
29/10/2001,31.64
26/10/2001,28.42
25/10/2001,29.46
24/10/2001,30.95
23/10/2001,32
22/10/2001,32.25
19/10/2001,34.11
18/10/2001,34.95
17/10/2001,35.08
16/10/2001,32.88
15/10/2001,35.31
12/10/2001,35.27
11/10/2001,31.5
10/10/2001,31.6
09/10/2001,34.83
08/10/2001,35.12
05/10/2001,33.39
04/10/2001,31.97
03/10/2001,31.34
02/10/2001,31.18
01/10/2001,32.32
28/09/2001,31.93
27/09/2001,34
26/09/2001,35.26
25/09/2001,35.81
24/09/2001,37.75
21/09/2001,42.66
20/09/2001,43.74
19/09/2001,40.56
18/09/2001,38.87
17/09/2001,41.76
10/09/2001,31.84
07/09/2001,30.99
06/09/2001,28.61
05/09/2001,26.35
04/09/2001,25.85
31/08/2001,24.92
30/08/2001,25.41
29/08/2001,23.03
28/08/2001,22
27/08/2001,20.56
24/08/2001,19.71
23/08/2001,22.23
22/08/2001,22.44
21/08/2001,24.4
20/08/2001,22.87
17/08/2001,23.84
16/08/2001,21.54
15/08/2001,20.91
14/08/2001,20.48
13/08/2001,20.42
10/08/2001,20.55
09/08/2001,21.75
08/08/2001,22.32
07/08/2001,21.01
06/08/2001,21.89
03/08/2001,19.89
02/08/2001,20.09
01/08/2001,20.56
31/07/2001,21.62
30/07/2001,22.69
27/07/2001,22
26/07/2001,23.01
25/07/2001,24
24/07/2001,25.24
23/07/2001,23.74
20/07/2001,22.34
19/07/2001,22.51
18/07/2001,23.6
17/07/2001,22.61
16/07/2001,22.91
13/07/2001,21.14
12/07/2001,22.09
11/07/2001,24.01
10/07/2001,23.25
09/07/2001,22.48
06/07/2001,21.63
05/07/2001,20.09
03/07/2001,18.92
02/07/2001,18.76
29/06/2001,19.06
28/06/2001,20.01
27/06/2001,20.88
26/06/2001,21.2
25/06/2001,20.67
22/06/2001,20.02
21/06/2001,19.38
20/06/2001,21.71
19/06/2001,22.34
18/06/2001,23.17
15/06/2001,22.81
14/06/2001,23.12
13/06/2001,21.45
12/06/2001,20.7
11/06/2001,20.7
08/06/2001,19.92
07/06/2001,19.67
06/06/2001,20.39
05/06/2001,19.58
04/06/2001,21.38
01/06/2001,21.59
31/05/2001,22.64
30/05/2001,22.76
29/05/2001,22.14
25/05/2001,20.6
24/05/2001,20.57
23/05/2001,22.08
22/05/2001,21.35
21/05/2001,20.76
18/05/2001,21.23
17/05/2001,21.47
16/05/2001,21.89
15/05/2001,23.71
14/05/2001,24.26
11/05/2001,23.54
10/05/2001,24
09/05/2001,24.35
08/05/2001,24.44
07/05/2001,24.86
04/05/2001,23.91
03/05/2001,25.78
02/05/2001,24.23
01/05/2001,24.2
30/04/2001,25.48
27/04/2001,24.02
26/04/2001,25.96
25/04/2001,27.4
24/04/2001,28.49
23/04/2001,28.16
20/04/2001,25.38
19/04/2001,24.16
18/04/2001,24.13
17/04/2001,25.61
16/04/2001,26.33
12/04/2001,26.12
11/04/2001,28.46
10/04/2001,29.44
09/04/2001,31.91
06/04/2001,31.69
05/04/2001,29.94
04/04/2001,34.07
03/04/2001,34.72
02/04/2001,31.21
30/03/2001,28.64
29/03/2001,29.17
28/03/2001,28.58
27/03/2001,27.04
26/03/2001,29.04
23/03/2001,30.45
22/03/2001,32.84
21/03/2001,31.93
20/03/2001,30.96
19/03/2001,29.78
16/03/2001,29.91
15/03/2001,28.56
14/03/2001,29.61
13/03/2001,27.55
12/03/2001,30.32
09/03/2001,25.62
08/03/2001,24.29
07/03/2001,24.12
06/03/2001,25.89
05/03/2001,27.12
02/03/2001,27.43
01/03/2001,28.08
28/02/2001,28.35
27/02/2001,26.49
26/02/2001,25.43
23/02/2001,27.21
22/02/2001,26.76
21/02/2001,25.75
20/02/2001,24.69
16/02/2001,22.12
15/02/2001,20.27
14/02/2001,21.52
13/02/2001,21.37
12/02/2001,21.92
09/02/2001,22.03
08/02/2001,21.46
07/02/2001,21.67
06/02/2001,21.98
05/02/2001,22.19
02/02/2001,21.95
01/02/2001,21.66
31/01/2001,22.02
30/01/2001,22.57
29/01/2001,22.61
26/01/2001,22.57
25/01/2001,22.64
24/01/2001,22.03
23/01/2001,21.57
22/01/2001,23.25
19/01/2001,23.24
18/01/2001,23.37
17/01/2001,24.93
16/01/2001,25.28
12/01/2001,24.56
11/01/2001,25.79
10/01/2001,26.8
09/01/2001,27.99
08/01/2001,29.84
05/01/2001,28.67
04/01/2001,26.97
03/01/2001,26.6
02/01/2001,29.99
29/12/2000,26.85
28/12/2000,26.57
27/12/2000,28.14
26/12/2000,28.73
22/12/2000,27.55
21/12/2000,29.66
20/12/2000,31.74
19/12/2000,27.17
18/12/2000,27.7
15/12/2000,26.55
14/12/2000,24.86
13/12/2000,23.63
12/12/2000,24.88
11/12/2000,23.51
08/12/2000,22.41
07/12/2000,25.34
06/12/2000,25.07
05/12/2000,24.99
04/12/2000,27.78
01/12/2000,27.48
30/11/2000,29.65
29/11/2000,27.49
28/11/2000,27.64
27/11/2000,26.93
24/11/2000,26
22/11/2000,27.71
21/11/2000,26.62
20/11/2000,27.43
17/11/2000,24.81
16/11/2000,25.05
15/11/2000,26.15
14/11/2000,26.81
13/11/2000,29.06
10/11/2000,28.53
09/11/2000,27.2
08/11/2000,25.66
07/11/2000,24.91
06/11/2000,24.52
03/11/2000,23.67
02/11/2000,23.92
01/11/2000,24.28
31/10/2000,23.63
30/10/2000,25.46
27/10/2000,26.47
26/10/2000,28.62
25/10/2000,26.65
24/10/2000,24.28
23/10/2000,24.69
20/10/2000,24.24
19/10/2000,25.09
18/10/2000,28.72
17/10/2000,27.84
16/10/2000,26.79
13/10/2000,27.6
12/10/2000,30.51
11/10/2000,26.57
10/10/2000,24.86
09/10/2000,24.02
06/10/2000,22.71
05/10/2000,21.03
04/10/2000,21.54
03/10/2000,21.85
02/10/2000,21.23
29/09/2000,20.57
28/09/2000,19.47
27/09/2000,21.67
26/09/2000,21.88
25/09/2000,21.41
22/09/2000,20.74
21/09/2000,20.18
20/09/2000,19.93
19/09/2000,19.54
18/09/2000,20.25
15/09/2000,18.52
14/09/2000,18.26
13/09/2000,18.32
12/09/2000,18.59
11/09/2000,18.4
08/09/2000,18.46
07/09/2000,19.42
06/09/2000,20.79
05/09/2000,19.82
01/09/2000,17.53
31/08/2000,16.84
30/08/2000,17.69
29/08/2000,16.89
28/08/2000,16.54
25/08/2000,16.53
24/08/2000,17.04
23/08/2000,17.38
22/08/2000,17.47
21/08/2000,17.35
18/08/2000,17.05
17/08/2000,17.48
16/08/2000,18.02
15/08/2000,17.98
14/08/2000,17.88
11/08/2000,18.55
10/08/2000,19.19
09/08/2000,19.18
08/08/2000,18.79
07/08/2000,19.03
04/08/2000,18.62
03/08/2000,19.99
02/08/2000,20
01/08/2000,20.55
31/07/2000,20.74
28/07/2000,20.84
27/07/2000,19.6
26/07/2000,19.67
25/07/2000,19.39
24/07/2000,19.92
21/07/2000,18.94
20/07/2000,18.94
19/07/2000,19.65
18/07/2000,19.75
17/07/2000,19.45
14/07/2000,19.32
13/07/2000,20.03
12/07/2000,20.03
11/07/2000,20.11
10/07/2000,20.33
07/07/2000,19.22
06/07/2000,20.94
05/07/2000,21.16
03/07/2000,19.83
30/06/2000,19.54
29/06/2000,19.7
28/06/2000,20.29
27/06/2000,21.8
26/06/2000,22.45
23/06/2000,22.34
22/06/2000,22
21/06/2000,20.61
20/06/2000,20.88
19/06/2000,20.63
16/06/2000,20.5
15/06/2000,20.68
14/06/2000,21.48
13/06/2000,21.67
12/06/2000,22.32
09/06/2000,22.14
08/06/2000,22.77
07/06/2000,22.48
06/06/2000,23.05
05/06/2000,22.71
02/06/2000,21.48
01/06/2000,22.36
31/05/2000,23.65
30/05/2000,23.62
26/05/2000,24.47
25/05/2000,24.58
24/05/2000,24.32
23/05/2000,25.87
22/05/2000,26
19/05/2000,25.44
18/05/2000,23.96
17/05/2000,23.98
16/05/2000,24.34
15/05/2000,24.86
12/05/2000,26.05
11/05/2000,27.76
10/05/2000,29.87
09/05/2000,28.93
08/05/2000,28.2
05/05/2000,27.53
04/05/2000,30.77
03/05/2000,31.63
02/05/2000,28.5
01/05/2000,25.88
28/04/2000,26.2
27/04/2000,26.19
26/04/2000,26.97
25/04/2000,25.24
24/04/2000,27.37
20/04/2000,25.85
19/04/2000,27.02
18/04/2000,26.12
17/04/2000,28.95
14/04/2000,33.49
13/04/2000,29.4
12/04/2000,28.98
11/04/2000,27.25
10/04/2000,25.99
07/04/2000,24.39
06/04/2000,27.15
05/04/2000,28.41
04/04/2000,27.12
03/04/2000,24.03
31/03/2000,24.11
30/03/2000,25.47
29/03/2000,24.1
28/03/2000,24.86
27/03/2000,24.53
24/03/2000,23.31
23/03/2000,22.26
22/03/2000,21.49
21/03/2000,21.7
20/03/2000,22.96
17/03/2000,22.37
16/03/2000,20.77
15/03/2000,22.34
14/03/2000,24.41
13/03/2000,22.85
10/03/2000,21.24
09/03/2000,22.21
08/03/2000,23.82
07/03/2000,24.31
06/03/2000,21.5
03/03/2000,19.21
02/03/2000,21.06
01/03/2000,21.64
29/02/2000,23.37
28/02/2000,24.68
25/02/2000,25.2
24/02/2000,24.38
23/02/2000,23.89
22/02/2000,25.86
18/02/2000,26
17/02/2000,23.17
16/02/2000,23.51
15/02/2000,22.92
14/02/2000,24.38
11/02/2000,24.42
10/02/2000,23.07
09/02/2000,22.9
08/02/2000,21.25
07/02/2000,22.79
04/02/2000,21.54
03/02/2000,22.01
02/02/2000,23.12
01/02/2000,23.45
31/01/2000,24.95
28/01/2000,26.14
27/01/2000,23.54
26/01/2000,23.03
25/01/2000,23.02
24/01/2000,24.07
21/01/2000,20.82
20/01/2000,21.75
19/01/2000,21.72
18/01/2000,21.5
14/01/2000,19.66
13/01/2000,21.71
12/01/2000,22.84
11/01/2000,22.5
10/01/2000,21.71
07/01/2000,21.72
06/01/2000,25.73
05/01/2000,26.41
04/01/2000,27.01
03/01/2000,24.21
31/12/1999,24.64
30/12/1999,24.76
29/12/1999,23.09
28/12/1999,22.97
27/12/1999,23.07
23/12/1999,21.12
22/12/1999,22.43
21/12/1999,22.66
20/12/1999,23.78
17/12/1999,21.35
16/12/1999,21.91
15/12/1999,22.03
14/12/1999,23.06
13/12/1999,21.72
10/12/1999,21.48
09/12/1999,21.19
08/12/1999,21.25
07/12/1999,21.09
06/12/1999,20.58
03/12/1999,19.32
02/12/1999,21.77
01/12/1999,22.23
30/11/1999,24.18
29/11/1999,23.57
26/11/1999,22.33
24/11/1999,20.26
23/11/1999,21
22/11/1999,19.98
19/11/1999,19.11
18/11/1999,19.76
17/11/1999,20.96
16/11/1999,20.73
15/11/1999,22.74
12/11/1999,21.65
11/11/1999,22.07
10/11/1999,22.26
09/11/1999,22.7
08/11/1999,21.87
05/11/1999,21.66
04/11/1999,23
03/11/1999,23.16
02/11/1999,23.1
01/11/1999,22.09
29/10/1999,22.2
28/10/1999,21.34
27/10/1999,24.2
26/10/1999,24.26
25/10/1999,23.6
22/10/1999,21.64
21/10/1999,24.02
20/10/1999,23.9
19/10/1999,26.56
18/10/1999,28.19
15/10/1999,28.75
14/10/1999,26.05
13/10/1999,25.96
12/10/1999,22.84
11/10/1999,20.63
08/10/1999,20.49
07/10/1999,23.58
06/10/1999,22.06
05/10/1999,24.79
04/10/1999,24.46
01/10/1999,24.93
30/09/1999,25.41
29/09/1999,26.49
28/09/1999,26.06
27/09/1999,26.4
24/09/1999,27.79
23/09/1999,27.84
22/09/1999,25.19
21/09/1999,25.65
20/09/1999,24.03
17/09/1999,23.3
16/09/1999,25.25
15/09/1999,24.56
14/09/1999,23.77
13/09/1999,22.89
10/09/1999,22.03
09/09/1999,23.01
08/09/1999,23.82
07/09/1999,23.44
03/09/1999,20.98
02/09/1999,24.53
01/09/1999,22.93
31/08/1999,24.45
30/08/1999,24.63
27/08/1999,21.83
26/08/1999,21.21
25/08/1999,20.96
24/08/1999,22.4
23/08/1999,22.55
20/08/1999,22.95
19/08/1999,24.39
18/08/1999,23.3
17/08/1999,21.67
16/08/1999,23.07
13/08/1999,22.31
12/08/1999,25.03
11/08/1999,25.39
10/08/1999,28.45
09/08/1999,27.66
06/08/1999,26.6
05/08/1999,27.01
04/08/1999,27.4
03/08/1999,26.27
02/08/1999,25.59
30/07/1999,24.64
29/07/1999,24.52
28/07/1999,22.85
27/07/1999,23.23
26/07/1999,24.98
23/07/1999,23.32
22/07/1999,23.05
21/07/1999,21.46
20/07/1999,21.79
19/07/1999,19.07
16/07/1999,17.42
15/07/1999,18.68
14/07/1999,19.71
13/07/1999,19.95
12/07/1999,19.73
09/07/1999,17.96
08/07/1999,20.24
07/07/1999,20.35
06/07/1999,20.73
02/07/1999,18.66
01/07/1999,19.69
30/06/1999,21.09
29/06/1999,22.51
28/06/1999,22.63
25/06/1999,21.76
24/06/1999,23.06
23/06/1999,21.32
22/06/1999,21.7
21/06/1999,21.81
18/06/1999,21.75
17/06/1999,21.95
16/06/1999,22.4
15/06/1999,25.91
14/06/1999,26.51
11/06/1999,25.9
10/06/1999,25.32
09/06/1999,23.9
08/06/1999,24.02
07/06/1999,23.78
04/06/1999,23.43
03/06/1999,26.2
02/06/1999,26.21
01/06/1999,26.62
28/05/1999,25.39
27/05/1999,28.12
26/05/1999,27.57
25/05/1999,28.9
24/05/1999,27.62
21/05/1999,24.4
20/05/1999,24.46
19/05/1999,25.08
18/05/1999,27.26
17/05/1999,27.28
14/05/1999,26.86
13/05/1999,25.02
12/05/1999,26.13
11/05/1999,25.62
10/05/1999,26.62
07/05/1999,25.36
06/05/1999,27.44
05/05/1999,25.19
04/05/1999,25.62
03/05/1999,24.15
30/04/1999,25.07
29/04/1999,25.06
28/04/1999,24.4
27/04/1999,23.36
26/04/1999,23.53
23/04/1999,22.76
22/04/1999,22.62
21/04/1999,23.31
20/04/1999,25.02
19/04/1999,26.42
16/04/1999,23.9
15/04/1999,23.93
14/04/1999,24.94
13/04/1999,22.73
12/04/1999,21.93
09/04/1999,21.77
08/04/1999,22.59
07/04/1999,22.81
06/04/1999,22.65
05/04/1999,22.19
01/04/1999,22.06
31/03/1999,23.26
30/03/1999,22.73
29/03/1999,23.54
26/03/1999,24.04
25/03/1999,24.33
24/03/1999,26.6
23/03/1999,27.27
22/03/1999,25
19/03/1999,24.32
18/03/1999,24.13
17/03/1999,25.57
16/03/1999,25.15
15/03/1999,25.24
12/03/1999,24.84
11/03/1999,24.37
10/03/1999,24.79
09/03/1999,25.02
08/03/1999,24.54
05/03/1999,24.08
04/03/1999,26.67
03/03/1999,29.04
02/03/1999,29.22
01/03/1999,28.37
26/02/1999,27.88
25/02/1999,28.01
24/02/1999,27.21
23/02/1999,26.49
22/02/1999,25.87
19/02/1999,29.3
18/02/1999,30.45
17/02/1999,30.65
16/02/1999,29.65
12/02/1999,29.76
11/02/1999,27.42
10/02/1999,30.45
09/02/1999,31.36
08/02/1999,30.27
05/02/1999,29.67
04/02/1999,29.48
03/02/1999,27.88
02/02/1999,28.16
01/02/1999,27.67
29/01/1999,26.25
28/01/1999,28.11
27/01/1999,29.73
26/01/1999,29.23
25/01/1999,31.13
22/01/1999,31.95
21/01/1999,30.92
20/01/1999,28.6
19/01/1999,29.24
15/01/1999,29.24
14/01/1999,32.98
13/01/1999,30.11
12/01/1999,28.1
11/01/1999,25.46
08/01/1999,23.28
07/01/1999,24.37
06/01/1999,23.34
05/01/1999,24.46
04/01/1999,26.17
31/12/1998,24.42
30/12/1998,23.34
29/12/1998,22.18
28/12/1998,23.5
24/12/1998,21.48
23/12/1998,20.21
22/12/1998,22.78
21/12/1998,23.86
18/12/1998,25.04
17/12/1998,27.96
16/12/1998,29.96
15/12/1998,29.42
14/12/1998,31.31
11/12/1998,27.72
10/12/1998,26.81
09/12/1998,25.66
08/12/1998,25.58
07/12/1998,24.9
04/12/1998,25.31
03/12/1998,28.7
02/12/1998,25.43
01/12/1998,24.97
30/11/1998,26.01
27/11/1998,22.09
25/11/1998,22.15
24/11/1998,23.28
23/11/1998,21.84
20/11/1998,22.47
19/11/1998,25.5
18/11/1998,27.13
17/11/1998,27.95
16/11/1998,28.9
13/11/1998,29.03
12/11/1998,29.28
11/11/1998,28.47
10/11/1998,28.17
09/11/1998,28.09
06/11/1998,25.7
05/11/1998,26.01
04/11/1998,27.37
03/11/1998,27.76
02/11/1998,27.26
30/10/1998,28.05
29/10/1998,29.5
28/10/1998,32.42
27/10/1998,32.95
26/10/1998,32.38
23/10/1998,32.27
22/10/1998,31.53
21/10/1998,33.21
20/10/1998,33.11
19/10/1998,33.13
16/10/1998,34.82
15/10/1998,33.34
14/10/1998,38.96
13/10/1998,40.23
12/10/1998,40.07
09/10/1998,42.2
08/10/1998,45.74
07/10/1998,43.51
06/10/1998,41.2
05/10/1998,42.81
02/10/1998,40.47
01/10/1998,43.48
30/09/1998,40.95
29/09/1998,36.08
28/09/1998,34.87
25/09/1998,34.55
24/09/1998,34.66
23/09/1998,32.47
22/09/1998,36.62
21/09/1998,38.58
18/09/1998,38.63
17/09/1998,39.23
16/09/1998,35.94
15/09/1998,36.58
14/09/1998,38.57
11/09/1998,43.74
10/09/1998,45.29
09/09/1998,39.66
08/09/1998,37.9
04/09/1998,43.31
03/09/1998,41.43
02/09/1998,36.76
01/09/1998,36.48
31/08/1998,44.28
28/08/1998,39.6
27/08/1998,38.55
26/08/1998,31.14
25/08/1998,30.33
24/08/1998,31.8
21/08/1998,33.14
20/08/1998,30
19/08/1998,28.69
18/08/1998,28.4
17/08/1998,31.86
14/08/1998,34.34
13/08/1998,29.92
12/08/1998,28.55
11/08/1998,31.91
10/08/1998,28.75
07/08/1998,27.02
06/08/1998,28.2
05/08/1998,29.83
04/08/1998,31.06
03/08/1998,25.98
31/07/1998,24.8
30/07/1998,22.66
29/07/1998,24.79
28/07/1998,25.25
27/07/1998,23.13
24/07/1998,23.01
23/07/1998,23.01
22/07/1998,20.32
21/07/1998,20.1
20/07/1998,17.34
17/07/1998,16.23
16/07/1998,16.97
15/07/1998,17.89
14/07/1998,17.88
13/07/1998,18.26
10/07/1998,17.92
09/07/1998,18.16
08/07/1998,17.82
07/07/1998,18.62
06/07/1998,18.63
02/07/1998,17.67
01/07/1998,18
30/06/1998,19.71
29/06/1998,19.57
26/06/1998,19.36
25/06/1998,20.25
24/06/1998,20.02
23/06/1998,20.17
22/06/1998,21.94
19/06/1998,21.92
18/06/1998,22.4
17/06/1998,22.89
16/06/1998,24.8
15/06/1998,25.94
12/06/1998,22.78
11/06/1998,23.57
10/06/1998,21.48
09/06/1998,20.52
08/06/1998,20.58
05/06/1998,19.78
04/06/1998,21.22
03/06/1998,22.85
02/06/1998,22
01/06/1998,22.83
29/05/1998,21.32
28/05/1998,20.74
27/05/1998,22.59
26/05/1998,22.07
22/05/1998,18.99
21/05/1998,19.38
20/05/1998,19.89
19/05/1998,20.39
18/05/1998,21.69
15/05/1998,20.44
14/05/1998,19.64
13/05/1998,20.44
12/05/1998,20.98
11/05/1998,21.05
08/05/1998,20.57
07/05/1998,23.39
06/05/1998,22.79
05/05/1998,21.46
04/05/1998,20.32
01/05/1998,19.34
30/04/1998,21.18
29/04/1998,22.78
28/04/1998,24.17
27/04/1998,26.09
24/04/1998,21.97
23/04/1998,20.6
22/04/1998,19.44
21/04/1998,19.91
20/04/1998,20.39
17/04/1998,20.76
16/04/1998,22.06
15/04/1998,20.89
14/04/1998,21.61
13/04/1998,22.77
09/04/1998,21.51
08/04/1998,23.17
07/04/1998,23.66
06/04/1998,22.47
03/04/1998,21.82
02/04/1998,21.98
01/04/1998,23.37
31/03/1998,24.22
30/03/1998,24.66
27/03/1998,23.47
26/03/1998,22.81
25/03/1998,22.54
24/03/1998,20.51
23/03/1998,19.98
20/03/1998,18.69
19/03/1998,17.76
18/03/1998,18.29
17/03/1998,18.66
16/03/1998,18.51
13/03/1998,18.71
12/03/1998,18.25
11/03/1998,18.89
10/03/1998,19.43
09/03/1998,20.23
06/03/1998,19.14
05/03/1998,20.93
04/03/1998,19.58
03/03/1998,19.04
02/03/1998,19.19
27/02/1998,18.55
26/02/1998,18.63
25/02/1998,18.62
24/02/1998,19.35
23/02/1998,18.99
20/02/1998,19
19/02/1998,19.88
18/02/1998,19.66
17/02/1998,20.76
13/02/1998,19.84
12/02/1998,19.73
11/02/1998,20.38
10/02/1998,20.66
09/02/1998,21.55
06/02/1998,20.51
05/02/1998,21.29
04/02/1998,20.55
03/02/1998,20.67
02/02/1998,21.36
30/01/1998,21.47
29/01/1998,21.65
28/01/1998,22.06
27/01/1998,22.27
26/01/1998,23.97
23/01/1998,23.32
22/01/1998,23.16
21/01/1998,22.53
20/01/1998,21.65
16/01/1998,21.65
15/01/1998,23.45
14/01/1998,23.75
13/01/1998,25.17
12/01/1998,28.02
09/01/1998,28.69
08/01/1998,26.01
07/01/1998,25.07
06/01/1998,25.66
05/01/1998,24.36
02/01/1998,23.42
31/12/1997,24.01
30/12/1997,24.38
29/12/1997,26.79
26/12/1997,29.27
24/12/1997,30.27
23/12/1997,29.86
22/12/1997,28.56
19/12/1997,29.18
18/12/1997,27.19
17/12/1997,26.33
16/12/1997,26.11
15/12/1997,27.37
12/12/1997,27.92
11/12/1997,27.63
10/12/1997,24.55
09/12/1997,23.36
08/12/1997,23.22
05/12/1997,22.65
04/12/1997,23.84
03/12/1997,23.92
02/12/1997,25.66
01/12/1997,26.01
28/11/1997,27.43
25/11/1997,28.95
24/11/1997,29.8
21/11/1997,26.65
20/11/1997,27.32
19/11/1997,29.93
18/11/1997,31.55
17/11/1997,31.58
14/11/1997,33.66
13/11/1997,36.64
12/11/1997,37.84
11/11/1997,36.38
10/11/1997,36.63
07/11/1997,36.27
06/11/1997,32.57
05/11/1997,32.18
04/11/1997,32.24
03/11/1997,32.09
31/10/1997,35.09
30/10/1997,38.2
29/10/1997,33.75
28/10/1997,31.22
27/10/1997,31.12
24/10/1997,23.17
23/10/1997,22.99
22/10/1997,19.86
21/10/1997,19.53
20/10/1997,20.72
17/10/1997,21.69
16/10/1997,20.53
15/10/1997,20.05
14/10/1997,19.99
13/10/1997,20.26
10/10/1997,19.75
09/10/1997,22.31
08/10/1997,20.77
07/10/1997,20.29
06/10/1997,21.61
03/10/1997,21.54
02/10/1997,22.27
01/10/1997,22.32
30/09/1997,22.91
29/09/1997,22.23
26/09/1997,22.26
25/09/1997,22.96
24/09/1997,22.64
23/09/1997,22
22/09/1997,22.08
19/09/1997,22.74
18/09/1997,23.48
17/09/1997,24.1
16/09/1997,23.77
15/09/1997,25.74
12/09/1997,25.17
11/09/1997,25.99
10/09/1997,24.64
09/09/1997,23.89
08/09/1997,24.4
05/09/1997,24.31
04/09/1997,25.27
03/09/1997,24.95
02/09/1997,24.53
29/08/1997,24.76
28/08/1997,24.51
27/08/1997,24.26
26/08/1997,24.73
25/08/1997,24.1
22/08/1997,24.74
21/08/1997,23.83
20/08/1997,21.09
19/08/1997,22.64
18/08/1997,24.37
15/08/1997,24.45
14/08/1997,23.11
13/08/1997,24.52
12/08/1997,23.75
11/08/1997,22.77
08/08/1997,22.46
07/08/1997,19.77
06/08/1997,20.05
05/08/1997,20.64
04/08/1997,21.94
01/08/1997,22.29
31/07/1997,21.48
30/07/1997,21.39
29/07/1997,22.02
28/07/1997,21.84
25/07/1997,20.82
24/07/1997,20.96
23/07/1997,21.3
22/07/1997,21.77
21/07/1997,23.51
18/07/1997,22.28
17/07/1997,20.54
16/07/1997,19.36
15/07/1997,19
14/07/1997,19.58
11/07/1997,19.06
10/07/1997,19.92
09/07/1997,20.4
08/07/1997,18.76
07/07/1997,19.13
03/07/1997,17.82
02/07/1997,19.7
01/07/1997,21
30/06/1997,21.53
27/06/1997,21.22
26/06/1997,21.82
25/06/1997,21.5
24/06/1997,20.74
23/06/1997,21.19
20/06/1997,20.2
19/06/1997,20.1
18/06/1997,20.45
17/06/1997,20.17
16/06/1997,19.77
13/06/1997,19.27
12/06/1997,18.51
11/06/1997,18.85
10/06/1997,19.04
09/06/1997,19.46
06/06/1997,18.94
05/06/1997,20.36
04/06/1997,20.1
03/06/1997,20.01
02/06/1997,20.85
30/05/1997,19.19
29/05/1997,19.02
28/05/1997,19.28
27/05/1997,19.36
23/05/1997,18.08
22/05/1997,18.77
21/05/1997,19.28
20/05/1997,19.26
19/05/1997,21.48
16/05/1997,21.57
15/05/1997,19.91
14/05/1997,21.09
13/05/1997,20.81
12/05/1997,20.25
09/05/1997,20.11
08/05/1997,21.26
07/05/1997,21.34
06/05/1997,20.85
05/05/1997,20.13
02/05/1997,17.51
01/05/1997,19.87
30/04/1997,20.06
29/04/1997,19.81
28/04/1997,21.34
25/04/1997,21.15
24/04/1997,20.83
23/04/1997,20.48
22/04/1997,19.52
21/04/1997,20.1
18/04/1997,18.75
17/04/1997,18.71
16/04/1997,17.64
15/04/1997,18.25
14/04/1997,19.09
11/04/1997,19.76
10/04/1997,19.01
09/04/1997,18.56
08/04/1997,18.44
07/04/1997,18.51
04/04/1997,19.23
03/04/1997,21.19
02/04/1997,21.3
01/04/1997,20.84
31/03/1997,22.14
27/03/1997,20.5
26/03/1997,18.32
25/03/1997,19.26
24/03/1997,20.06
21/03/1997,19.69
20/03/1997,21.22
19/03/1997,21.74
18/03/1997,21.26
17/03/1997,20.95
14/03/1997,19.81
13/03/1997,19.79
12/03/1997,19.61
11/03/1997,19.25
10/03/1997,19
07/03/1997,19.32
06/03/1997,20.48
05/03/1997,19.49
04/03/1997,20.62
03/03/1997,20.89
28/02/1997,21.1
27/02/1997,21.08
26/02/1997,20.74
25/02/1997,19.98
24/02/1997,19.84
21/02/1997,20.55
20/02/1997,21.41
19/02/1997,20.61
18/02/1997,19.7
14/02/1997,19.18
13/02/1997,19.23
12/02/1997,19.48
11/02/1997,19.97
10/02/1997,20.65
07/02/1997,18.9
06/02/1997,20.16
05/02/1997,21.06
04/02/1997,19.43
03/02/1997,19.58
30/01/1997,19.47
29/01/1997,20.23
28/01/1997,20.74
27/01/1997,20.16
24/01/1997,19.33
23/01/1997,18.47
22/01/1997,17.09
21/01/1997,17.81
20/01/1997,18.6
17/01/1997,18.63
16/01/1997,19.61
15/01/1997,19.4
14/01/1997,19.27
13/01/1997,19.84
10/01/1997,19.63
09/01/1997,20.91
08/01/1997,20.24
07/01/1997,19.35
06/01/1997,19.89
03/01/1997,19.13
02/01/1997,21.14
31/12/1996,20.92
30/12/1996,19.51
27/12/1996,19.13
26/12/1996,18.59
24/12/1996,18.68
23/12/1996,19.5
20/12/1996,18.85
19/12/1996,18.77
18/12/1996,19.42
17/12/1996,20.77
16/12/1996,21.99
13/12/1996,21.09
12/12/1996,20.45
11/12/1996,19.68
10/12/1996,17.88
09/12/1996,17.75
06/12/1996,18.82
05/12/1996,18.14
04/12/1996,17.93
03/12/1996,18.68
02/12/1996,17.93
29/11/1996,17.14
27/11/1996,16.96
26/11/1996,16.97
25/11/1996,15.91
22/11/1996,14.92
21/11/1996,15.77
20/11/1996,15.94
19/11/1996,15.23
18/11/1996,15.12
15/11/1996,14.36
14/11/1996,13.79
13/11/1996,14.89
12/11/1996,15.36
11/11/1996,14.04
08/11/1996,15.78
07/11/1996,17.21
06/11/1996,16.97
05/11/1996,17.65
04/11/1996,18.04
01/11/1996,17.89
31/10/1996,18.11
30/10/1996,18.48
29/10/1996,18.28
28/10/1996,18.34
25/10/1996,17.29
24/10/1996,16.89
23/10/1996,16.45
22/10/1996,16.4
21/10/1996,15.98
18/10/1996,15.08
17/10/1996,15.41
16/10/1996,15.6
15/10/1996,15.83
14/10/1996,15.13
11/10/1996,15.07
10/10/1996,16.26
09/10/1996,16.09
08/10/1996,15.58
07/10/1996,15.11
04/10/1996,14.8
03/10/1996,16.77
02/10/1996,16.78
01/10/1996,17.05
30/09/1996,16.95
27/09/1996,16.1
26/09/1996,16.11
25/09/1996,16.22
24/09/1996,16.45
23/09/1996,16.46
20/09/1996,15.65
19/09/1996,16.03
18/09/1996,15.86
17/09/1996,15.74
16/09/1996,15.43
13/09/1996,15.2
12/09/1996,15.97
11/09/1996,16.06
10/09/1996,16.25
09/09/1996,16.36
06/09/1996,17.1
05/09/1996,20.51
04/09/1996,18.64
03/09/1996,18.47
30/08/1996,17.01
29/08/1996,16.22
28/08/1996,15.1
27/08/1996,15.11
26/08/1996,15.38
23/08/1996,14.18
22/08/1996,13.71
21/08/1996,14.52
20/08/1996,14.73
19/08/1996,15.27
16/08/1996,14.81
15/08/1996,15.46
14/08/1996,15.96
13/08/1996,16.41
12/08/1996,15.57
09/08/1996,15.77
08/08/1996,16.04
07/08/1996,16.24
06/08/1996,16.93
05/08/1996,17.36
02/08/1996,16.19
01/08/1996,18.76
31/07/1996,19.46
30/07/1996,20.53
29/07/1996,20.09
26/07/1996,17.45
25/07/1996,19.39
24/07/1996,21.44
23/07/1996,21.55
22/07/1996,20.41
19/07/1996,17.26
18/07/1996,17.93
17/07/1996,19.22
16/07/1996,20.1
15/07/1996,20.11
12/07/1996,17.09
11/07/1996,17.81
10/07/1996,15.51
09/07/1996,15.49
08/07/1996,16.42
05/07/1996,16.09
03/07/1996,14.21
02/07/1996,14.19
01/07/1996,13.78
28/06/1996,13.68
27/06/1996,14.19
26/06/1996,15.23
25/06/1996,15.43
24/06/1996,15.91
21/06/1996,15.8
20/06/1996,16.97
19/06/1996,17.54
18/06/1996,17.45
17/06/1996,17.46
14/06/1996,18.64
13/06/1996,17.12
12/06/1996,17
11/06/1996,16.68
10/06/1996,16.78
07/06/1996,16.1
06/06/1996,16.84
05/06/1996,16.04
04/06/1996,16.18
03/06/1996,16.86
31/05/1996,16.07
30/05/1996,16.02
29/05/1996,17.15
28/05/1996,16.92
24/05/1996,15.54
23/05/1996,16.17
22/05/1996,15.5
21/05/1996,16
20/05/1996,15.8
17/05/1996,15.13
16/05/1996,15.71
15/05/1996,15.59
14/05/1996,14.9
13/05/1996,15.16
10/05/1996,15.61
09/05/1996,16.99
08/05/1996,15.78
07/05/1996,16.87
06/05/1996,16.92
03/05/1996,16.7
02/05/1996,18.62
01/05/1996,16.07
30/04/1996,15.83
29/04/1996,15.45
26/04/1996,14.75
25/04/1996,14.72
24/04/1996,14.91
23/04/1996,15.01
22/04/1996,15.38
19/04/1996,15.12
18/04/1996,16.41
17/04/1996,17.07
16/04/1996,16.45
15/04/1996,16.83
12/04/1996,17.38
11/04/1996,19.65
10/04/1996,20.22
09/04/1996,17.32
08/04/1996,18.72
04/04/1996,16.18
03/04/1996,16.33
02/04/1996,16.45
01/04/1996,17.9
29/03/1996,18.88
28/03/1996,18.16
27/03/1996,17.89
26/03/1996,17.8
25/03/1996,17.84
22/03/1996,17.05
21/03/1996,17.74
20/03/1996,18.66
19/03/1996,18.35
18/03/1996,17.31
15/03/1996,16.54
14/03/1996,16.93
13/03/1996,18.13
12/03/1996,19.09
11/03/1996,19.4
08/03/1996,20.7
07/03/1996,16.49
06/03/1996,16.56
05/03/1996,16.1
04/03/1996,16.67
01/03/1996,16.72
29/02/1996,17.04
28/02/1996,16.72
27/02/1996,16.63
26/02/1996,16.38
23/02/1996,14.78
22/02/1996,14.56
21/02/1996,14.47
20/02/1996,16.8
16/02/1996,15.37
15/02/1996,16.13
14/02/1996,15.59
13/02/1996,14.94
12/02/1996,14.69
09/02/1996,14.63
08/02/1996,13.89
07/02/1996,14.11
06/02/1996,14.59
05/02/1996,13.46
02/02/1996,13.23
01/02/1996,12.65
31/01/1996,12.53
30/01/1996,12.42
29/01/1996,12.19
26/01/1996,12
25/01/1996,12.94
24/01/1996,12.54
23/01/1996,13.56
22/01/1996,13.34
19/01/1996,12.7
18/01/1996,13.58
17/01/1996,14.25
16/01/1996,14.09
15/01/1996,14.99
12/01/1996,14.23
11/01/1996,14.69
10/01/1996,16.4
09/01/1996,15.21
08/01/1996,13.11
05/01/1996,13.58
04/01/1996,13.78
03/01/1996,12.1
02/01/1996,12.19
29/12/1995,12.52
28/12/1995,12.25
27/12/1995,11.98
26/12/1995,11.49
22/12/1995,11.51
21/12/1995,10.77
20/12/1995,12.2
19/12/1995,13.16
18/12/1995,14.55
15/12/1995,11.44
14/12/1995,11.07
13/12/1995,10.36
12/12/1995,10.63
11/12/1995,11.06
08/12/1995,11.12
07/12/1995,12.74
06/12/1995,12.7
05/12/1995,11.65
04/12/1995,10.66
01/12/1995,11.11
30/11/1995,11.58
29/11/1995,11.65
28/11/1995,11.57
27/11/1995,12.43
24/11/1995,11.87
22/11/1995,11.81
21/11/1995,11.74
20/11/1995,12.37
17/11/1995,12.49
16/11/1995,12.57
15/11/1995,12.95
14/11/1995,13.38
13/11/1995,13.2
10/11/1995,12.97
09/11/1995,12.46
08/11/1995,12.16
07/11/1995,13.05
06/11/1995,12.74
03/11/1995,12.26
02/11/1995,13.19
01/11/1995,13.41
31/10/1995,13.83
30/10/1995,14.26
27/10/1995,14.63
26/10/1995,15.59
25/10/1995,14.49
24/10/1995,13.85
23/10/1995,14.17
20/10/1995,13.46
19/10/1995,13.55
18/10/1995,14.05
17/10/1995,14.03
16/10/1995,14.62
13/10/1995,13.67
12/10/1995,14.24
11/10/1995,14.57
10/10/1995,14.97
09/10/1995,14.85
06/10/1995,13.98
05/10/1995,15.74
04/10/1995,14.86
03/10/1995,14.5
02/10/1995,13.95
29/09/1995,12.74
28/09/1995,12.46
27/09/1995,12.9
26/09/1995,12.9
25/09/1995,13.22
22/09/1995,12.46
21/09/1995,12.5
20/09/1995,12.35
19/09/1995,12.67
18/09/1995,12.34
15/09/1995,11.58
14/09/1995,11.1
13/09/1995,11.35
12/09/1995,11.46
11/09/1995,11.51
08/09/1995,11.16
07/09/1995,11.85
06/09/1995,11.65
05/09/1995,11.65
01/09/1995,11.29
31/08/1995,11.52
30/08/1995,12.03
29/08/1995,12.65
28/08/1995,12.48
25/08/1995,12.33
24/08/1995,12.94
23/08/1995,13.17
22/08/1995,12.6
21/08/1995,13.42
18/08/1995,12.03
17/08/1995,12.13
16/08/1995,12.45
15/08/1995,12.35
14/08/1995,13.24
11/08/1995,12.9
10/08/1995,13
09/08/1995,12.75
08/08/1995,13.06
07/08/1995,13.1
04/08/1995,13.21
03/08/1995,13.78
02/08/1995,13.66
01/08/1995,13.56
31/07/1995,13.49
28/07/1995,13.18
27/07/1995,13.18
26/07/1995,13.18
25/07/1995,12.77
24/07/1995,12.55
21/07/1995,12.37
20/07/1995,12.78
19/07/1995,13.49
18/07/1995,12.68
17/07/1995,12.26
14/07/1995,12.08
13/07/1995,12.56
12/07/1995,12.31
11/07/1995,12.25
10/07/1995,12.19
07/07/1995,11.77
06/07/1995,11.52
05/07/1995,12.1
03/07/1995,11.57
30/06/1995,11.38
29/06/1995,11.59
28/06/1995,11.74
27/06/1995,12.37
26/06/1995,11.8
23/06/1995,11.12
22/06/1995,11.44
21/06/1995,11.32
20/06/1995,11.16
19/06/1995,11.21
16/06/1995,10.75
15/06/1995,11.23
14/06/1995,11.29
13/06/1995,11.29
12/06/1995,11.91
09/06/1995,12.76
08/06/1995,12.89
07/06/1995,12.84
06/06/1995,13
05/06/1995,13.45
02/06/1995,12.98
01/06/1995,12.21
31/05/1995,12.85
30/05/1995,12.52
26/05/1995,12.2
25/05/1995,11.63
24/05/1995,11.26
23/05/1995,11.55
22/05/1995,11.68
19/05/1995,12.81
18/05/1995,13.13
17/05/1995,12.36
16/05/1995,12.2
15/05/1995,12.38
12/05/1995,11.84
11/05/1995,12.98
10/05/1995,13.08
09/05/1995,12.75
08/05/1995,12.22
05/05/1995,12.06
04/05/1995,12.64
03/05/1995,11.69
02/05/1995,11.88
01/05/1995,12.14
28/04/1995,11.75
27/04/1995,11.93
26/04/1995,12.28
25/04/1995,12.41
24/04/1995,11.92
21/04/1995,11.86
20/04/1995,12.1
19/04/1995,13.09
18/04/1995,12.96
17/04/1995,12.33
13/04/1995,11.48
12/04/1995,12.04
11/04/1995,12.73
10/04/1995,12.79
07/04/1995,12.85
06/04/1995,12.81
05/04/1995,12.96
04/04/1995,12.62
03/04/1995,13.5
31/03/1995,13.37
30/03/1995,12.62
29/03/1995,12.51
28/03/1995,11.33
27/03/1995,11.83
24/03/1995,11.19
23/03/1995,11.43
22/03/1995,11.29
21/03/1995,11.53
20/03/1995,11.34
17/03/1995,11.8
16/03/1995,11.95
15/03/1995,12.42
14/03/1995,12.1
13/03/1995,12.15
10/03/1995,12.38
09/03/1995,13.36
08/03/1995,13.72
07/03/1995,14.22
06/03/1995,12.17
03/03/1995,11.45
02/03/1995,12.02
01/03/1995,11.65
28/02/1995,11.75
27/02/1995,12.51
24/02/1995,10.84
23/02/1995,11.15
22/02/1995,11.39
21/02/1995,12.05
17/02/1995,11.71
16/02/1995,11.61
15/02/1995,11.52
14/02/1995,11.43
13/02/1995,11.41
10/02/1995,11.28
09/02/1995,11.63
08/02/1995,11.42
07/02/1995,11.17
06/02/1995,11.22
03/02/1995,10.98
02/02/1995,11.13
01/02/1995,11.73
31/01/1995,11.96
30/01/1995,12.26
27/01/1995,11.25
26/01/1995,11.25
25/01/1995,11.46
24/01/1995,11.94
23/01/1995,12.79
20/01/1995,12.15
19/01/1995,11.86
18/01/1995,11.57
17/01/1995,11.79
16/01/1995,11.14
13/01/1995,11.1
12/01/1995,12.83
11/01/1995,12.15
10/01/1995,12.52
09/01/1995,13.33
06/01/1995,13.13
05/01/1995,13.5
04/01/1995,13.53
03/01/1995,14.25
30/12/1994,13.2
29/12/1994,12.86
28/12/1994,12.81
27/12/1994,12.07
23/12/1994,11.82
22/12/1994,12.42
21/12/1994,12.05
20/12/1994,12.98
19/12/1994,13.02
16/12/1994,12.79
15/12/1994,12.87
14/12/1994,13.03
13/12/1994,14.48
12/12/1994,15.46
09/12/1994,16.04
08/12/1994,18.15
07/12/1994,16.28
06/12/1994,16.05
05/12/1994,16.1
02/12/1994,16.55
01/12/1994,16.69
30/11/1994,15.95
29/11/1994,16.15
28/11/1994,16.83
25/11/1994,17.44
23/11/1994,18.41
22/11/1994,17.24
21/11/1994,16.13
18/11/1994,16
17/11/1994,15.91
16/11/1994,15.56
15/11/1994,16.66
14/11/1994,16.68
11/11/1994,16.5
10/11/1994,16
09/11/1994,16.42
08/11/1994,16.3
07/11/1994,17.37
04/11/1994,16.75
03/11/1994,15.58
02/11/1994,15.34
01/11/1994,14.84
31/10/1994,14.56
28/10/1994,14.56
27/10/1994,15.67
26/10/1994,15.7
25/10/1994,16.13
24/10/1994,16.97
21/10/1994,15.91
20/10/1994,15.99
19/10/1994,15.13
18/10/1994,14.59
17/10/1994,14.76
14/10/1994,13.32
13/10/1994,14.9
12/10/1994,14.51
11/10/1994,13.55
10/10/1994,14.72
07/10/1994,14.92
06/10/1994,16.24
05/10/1994,15.92
04/10/1994,16.66
03/10/1994,15.44
30/09/1994,14.28
29/09/1994,13.97
28/09/1994,13.25
27/09/1994,14.13
26/09/1994,14.56
23/09/1994,14.53
22/09/1994,13.89
21/09/1994,14.49
20/09/1994,14.45
19/09/1994,13.06
16/09/1994,12.8
15/09/1994,11.88
14/09/1994,13.09
13/09/1994,13.77
12/09/1994,14.01
09/09/1994,13.12
08/09/1994,11.86
07/09/1994,11.81
06/09/1994,11.69
02/09/1994,11.4
01/09/1994,11.86
31/08/1994,11.97
30/08/1994,11.23
29/08/1994,11.82
26/08/1994,12.19
25/08/1994,12.02
24/08/1994,11.57
23/08/1994,11.75
22/08/1994,12.62
19/08/1994,12.83
18/08/1994,12.07
17/08/1994,11.54
16/08/1994,11.39
15/08/1994,12.06
12/08/1994,11.09
11/08/1994,12.13
10/08/1994,11.91
09/08/1994,12.54
08/08/1994,12.41
05/08/1994,12.34
04/08/1994,12.18
03/08/1994,11.35
02/08/1994,11.27
01/08/1994,11.17
29/07/1994,11.13
28/07/1994,12.03
27/07/1994,11.93
26/07/1994,11.66
25/07/1994,11.46
22/07/1994,11.22
21/07/1994,11.65
20/07/1994,11.7
19/07/1994,11.65
18/07/1994,11.44
15/07/1994,11.28
14/07/1994,11.64
13/07/1994,12.42
12/07/1994,13.4
11/07/1994,13.83
08/07/1994,13.26
07/07/1994,14.01
06/07/1994,14.7
05/07/1994,14.92
01/07/1994,14.36
30/06/1994,14.97
29/06/1994,14.42
28/06/1994,15.04
27/06/1994,15.53
24/06/1994,16.72
23/06/1994,14.12
22/06/1994,14.02
21/06/1994,14.7
20/06/1994,13.96
17/06/1994,12.31
16/06/1994,11.22
15/06/1994,11.52
14/06/1994,11.6
13/06/1994,11.92
10/06/1994,12.69
09/06/1994,13.21
08/06/1994,13.32
07/06/1994,13.05
06/06/1994,13.03
03/06/1994,12.19
02/06/1994,12.73
01/06/1994,12.72
31/05/1994,13.03
27/05/1994,12.49
26/05/1994,12.5
25/05/1994,12.43
24/05/1994,12.73
23/05/1994,13.49
20/05/1994,12.79
19/05/1994,12.33
18/05/1994,12.55
17/05/1994,14.08
16/05/1994,14.67
13/05/1994,14.54
12/05/1994,15.46
11/05/1994,15.55
10/05/1994,15.19
09/05/1994,16.16
06/05/1994,15.08
05/05/1994,14.56
04/05/1994,14.29
03/05/1994,13.81
02/05/1994,14.11
29/04/1994,13.77
28/04/1994,14.51
26/04/1994,13.8
25/04/1994,14.26
22/04/1994,14.94
21/04/1994,14.93
20/04/1994,17.01
19/04/1994,16.93
18/04/1994,17.22
15/04/1994,15.98
14/04/1994,16.27
13/04/1994,17.02
12/04/1994,16.42
11/04/1994,16.61
08/04/1994,16.92
07/04/1994,16.98
06/04/1994,17.38
05/04/1994,18.13
04/04/1994,23.87
31/03/1994,20.45
30/03/1994,18.59
29/03/1994,16.49
28/03/1994,14.9
25/03/1994,13.67
24/03/1994,13.43
23/03/1994,12.31
22/03/1994,13.39
21/03/1994,14.34
18/03/1994,13.32
17/03/1994,12.76
16/03/1994,14.51
15/03/1994,14.78
14/03/1994,16.61
11/03/1994,14.87
10/03/1994,16.55
09/03/1994,14.41
08/03/1994,16.23
07/03/1994,14.26
04/03/1994,16
03/03/1994,16.36
02/03/1994,16.08
01/03/1994,15.83
28/02/1994,14.87
25/02/1994,14.8
24/02/1994,15.96
23/02/1994,13.91
22/02/1994,13.52
18/02/1994,14.7
17/02/1994,13.79
16/02/1994,13.13
15/02/1994,13.4
14/02/1994,14.28
11/02/1994,14.46
10/02/1994,14.24
09/02/1994,13.3
08/02/1994,13.66
07/02/1994,13.96
04/02/1994,15.25
03/02/1994,10.75
02/02/1994,10.61
01/02/1994,10.65
31/01/1994,10.63
28/01/1994,9.94
27/01/1994,10.3
26/01/1994,11.17
25/01/1994,11.38
24/01/1994,11.6
21/01/1994,11.09
20/01/1994,11.16
19/01/1994,11.76
18/01/1994,11.63
17/01/1994,11.88
14/01/1994,11.15
13/01/1994,12.08
12/01/1994,11.65
11/01/1994,11.29
10/01/1994,10.74
07/01/1994,10.96
06/01/1994,11.27
05/01/1994,10.94
04/01/1994,11.91
03/01/1994,12.57
31/12/1993,11.66
30/12/1993,10.69
29/12/1993,10.46
28/12/1993,9.82
27/12/1993,9.7
23/12/1993,9.48
22/12/1993,9.31
21/12/1993,10.08
20/12/1993,10.75
17/12/1993,11.08
16/12/1993,10.9
15/12/1993,11.03
14/12/1993,11.13
13/12/1993,10.98
10/12/1993,12.6
09/12/1993,12.43
08/12/1993,12.46
07/12/1993,12.41
06/12/1993,12.84
03/12/1993,12.69
02/12/1993,13.51
01/12/1993,13.83
30/11/1993,13.76
29/11/1993,14.12
26/11/1993,13.77
24/11/1993,13.51
23/11/1993,14.27
22/11/1993,15.9
19/11/1993,15.03
18/11/1993,14.65
17/11/1993,15.57
16/11/1993,15.11
15/11/1993,14.46
12/11/1993,13.33
11/11/1993,13.88
10/11/1993,13.72
09/11/1993,13.94
08/11/1993,14.31
05/11/1993,14.97
04/11/1993,14.68
03/11/1993,13.26
02/11/1993,11.74
01/11/1993,11.78
29/10/1993,11.46
28/10/1993,11.88
27/10/1993,12.01
26/10/1993,11.83
25/10/1993,11.83
22/10/1993,11.48
21/10/1993,11.2
20/10/1993,11.32
19/10/1993,11.61
18/10/1993,11.33
15/10/1993,10.87
14/10/1993,11
13/10/1993,11.38
12/10/1993,12.41
11/10/1993,12.26
08/10/1993,12.04
07/10/1993,13.14
06/10/1993,12.68
05/10/1993,12.97
04/10/1993,12.85
01/10/1993,11.83
30/09/1993,12.99
29/09/1993,12.63
28/09/1993,12.19
27/09/1993,12.49
24/09/1993,12.47
23/09/1993,13.36
22/09/1993,13.75
21/09/1993,17.3
20/09/1993,14.6
17/09/1993,13.39
16/09/1993,13.36
15/09/1993,12.7
14/09/1993,13.15
13/09/1993,12.16
10/09/1993,11.7
09/09/1993,12.67
08/09/1993,13.24
07/09/1993,12.9
03/09/1993,11.16
02/09/1993,11.87
01/09/1993,11.48
31/08/1993,11.85
30/08/1993,11.74
27/08/1993,11.91
26/08/1993,12.14
25/08/1993,12.1
24/08/1993,11.8
23/08/1993,12.15
20/08/1993,11.62
19/08/1993,11.63
18/08/1993,11.52
17/08/1993,11.59
16/08/1993,12.01
13/08/1993,12.19
12/08/1993,12.38
11/08/1993,12.07
10/08/1993,12.31
09/08/1993,12.39
06/08/1993,12.33
05/08/1993,12.03
04/08/1993,11.71
03/08/1993,11.49
02/08/1993,11.47
30/07/1993,11.73
29/07/1993,11.25
28/07/1993,11.37
27/07/1993,11.34
26/07/1993,11.32
23/07/1993,11.32
22/07/1993,11.69
21/07/1993,11.97
20/07/1993,11.05
19/07/1993,11.46
16/07/1993,10.96
15/07/1993,10.6
14/07/1993,10.78
13/07/1993,11.02
12/07/1993,10.85
09/07/1993,10.8
08/07/1993,12.24
07/07/1993,13.05
06/07/1993,13.87
02/07/1993,11.33
01/07/1993,11.51
30/06/1993,11.26
29/06/1993,11.29
28/06/1993,11.11
25/06/1993,11.25
24/06/1993,12.25
23/06/1993,12.04
22/06/1993,11.65
21/06/1993,12.25
18/06/1993,12.24
17/06/1993,11.66
16/06/1993,11.87
15/06/1993,11.99
14/06/1993,12.33
11/06/1993,12.71
10/06/1993,13.31
09/06/1993,13.96
08/06/1993,14.74
07/06/1993,14.07
04/06/1993,12.86
03/06/1993,13.54
02/06/1993,13.48
01/06/1993,13.67
28/05/1993,13.47
27/05/1993,13.1
26/05/1993,12.88
25/05/1993,14.04
24/05/1993,14.1
21/05/1993,14.51
20/05/1993,13.98
19/05/1993,14.29
18/05/1993,14.19
17/05/1993,14.13
14/05/1993,14.39
13/05/1993,14.76
12/05/1993,13.56
11/05/1993,13.35
10/05/1993,13.72
07/05/1993,13.01
06/05/1993,13.22
05/05/1993,12.38
04/05/1993,12.14
03/05/1993,12.9
30/04/1993,12.42
29/04/1993,12.8
28/04/1993,13.12
27/04/1993,13.93
26/04/1993,15.25
23/04/1993,13.36
22/04/1993,12.68
21/04/1993,12.11
20/04/1993,11.94
19/04/1993,12.06
16/04/1993,11.29
15/04/1993,10.96
14/04/1993,11.76
13/04/1993,11.7
12/04/1993,11.93
08/04/1993,12.83
07/04/1993,13.64
06/04/1993,14.24
05/04/1993,14.12
02/04/1993,14.5
01/04/1993,13.02
31/03/1993,12.53
30/03/1993,12.23
29/03/1993,12.63
26/03/1993,12.21
25/03/1993,12.08
24/03/1993,12.44
23/03/1993,13.02
22/03/1993,13.66
19/03/1993,13.23
18/03/1993,14.17
17/03/1993,14.53
16/03/1993,14.51
15/03/1993,14.74
12/03/1993,15.66
11/03/1993,14.26
10/03/1993,13.91
09/03/1993,14.17
08/03/1993,16.22
05/03/1993,14.08
04/03/1993,13.44
03/03/1993,13.13
02/03/1993,12.49
01/03/1993,13.6
26/02/1993,13.16
25/02/1993,13.76
24/02/1993,14.72
23/02/1993,15.04
22/02/1993,14.7
19/02/1993,15.02
18/02/1993,15.56
17/02/1993,15.9
16/02/1993,15.76
12/02/1993,12.38
11/02/1993,12.69
10/02/1993,13.43
09/02/1993,13.48
08/02/1993,13.22
05/02/1993,12.9
04/02/1993,12.29
03/02/1993,12.12
02/02/1993,12.25
01/02/1993,12.33
29/01/1993,12.42
28/01/1993,12.04
27/01/1993,12.01
26/01/1993,11.45
25/01/1993,11.38
22/01/1993,11.3
21/01/1993,11.69
20/01/1993,12.15
19/01/1993,12.06
18/01/1993,11.49
15/01/1993,11.57
14/01/1993,11.99
13/01/1993,12.42
12/01/1993,12.78
11/01/1993,12.86
08/01/1993,13.77
07/01/1993,14.72
06/01/1993,13.37
05/01/1993,13.35
04/01/1993,13.36
31/12/1992,12.57
30/12/1992,12.6
29/12/1992,12.29
28/12/1992,12.22
24/12/1992,11.57
23/12/1992,11.51
22/12/1992,11.75
21/12/1992,11.65
18/12/1992,11.66
17/12/1992,12.14
16/12/1992,12.58
15/12/1992,12.41
14/12/1992,12.66
11/12/1992,12.34
10/12/1992,12.75
09/12/1992,12.58
08/12/1992,11.73
07/12/1992,12
04/12/1992,11.81
03/12/1992,12.03
02/12/1992,12.56
01/12/1992,12.8
30/11/1992,13.01
27/11/1992,12.58
25/11/1992,12.5
24/11/1992,12.66
23/11/1992,13.4
20/11/1992,13.67
19/11/1992,14.33
18/11/1992,14.55
17/11/1992,15.01
16/11/1992,14.86
13/11/1992,14.61
12/11/1992,14.37
11/11/1992,13.99
10/11/1992,14.37
09/11/1992,14.23
06/11/1992,14.69
05/11/1992,15.38
04/11/1992,16.28
03/11/1992,17.33
02/11/1992,16.67
30/10/1992,16.15
29/10/1992,15.47
28/10/1992,15.95
27/10/1992,16.24
26/10/1992,16.32
23/10/1992,16.46
22/10/1992,15.84
21/10/1992,16.62
20/10/1992,16.87
19/10/1992,17.31
16/10/1992,17.01
15/10/1992,17.11
14/10/1992,18.42
13/10/1992,17.9
12/10/1992,19.49
09/10/1992,20.51
08/10/1992,19.26
07/10/1992,21.02
06/10/1992,19.95
05/10/1992,20.01
02/10/1992,17.79
01/10/1992,16.31
30/09/1992,14.28
29/09/1992,14.97
28/09/1992,15.19
25/09/1992,14.8
24/09/1992,13.44
23/09/1992,13.83
22/09/1992,13.88
21/09/1992,13.45
18/09/1992,13.74
17/09/1992,14.31
16/09/1992,14.72
15/09/1992,13.63
14/09/1992,13
11/09/1992,12.47
10/09/1992,12.92
09/09/1992,13.36
08/09/1992,13.65
04/09/1992,12.98
03/09/1992,12.88
02/09/1992,12.73
01/09/1992,13.4
31/08/1992,13.58
28/08/1992,13.14
27/08/1992,13.66
26/08/1992,14.5
25/08/1992,15.62
24/08/1992,16.19
21/08/1992,15.01
20/08/1992,14.48
19/08/1992,14.35
18/08/1992,13.84
17/08/1992,14.61
14/08/1992,14.66
13/08/1992,15.34
12/08/1992,14.88
11/08/1992,15.09
10/08/1992,14.51
07/08/1992,13.94
06/08/1992,14.23
05/08/1992,13.82
04/08/1992,13.58
03/08/1992,13.83
31/07/1992,13.17
30/07/1992,13.5
29/07/1992,13.44
28/07/1992,13.05
27/07/1992,13.9
24/07/1992,13.37
23/07/1992,13.33
22/07/1992,13.57
21/07/1992,12.6
20/07/1992,12.66
17/07/1992,12.6
16/07/1992,12.27
15/07/1992,12.52
14/07/1992,13.5
13/07/1992,14.01
10/07/1992,13.7
09/07/1992,14.6
08/07/1992,15.53
07/07/1992,15.83
06/07/1992,14.87
02/07/1992,13.88
01/07/1992,13.34
30/06/1992,13.35
29/06/1992,13.21
26/06/1992,14.67
25/06/1992,14.4
24/06/1992,14.4
23/06/1992,14.53
22/06/1992,16.66
19/06/1992,16.31
18/06/1992,18.2
17/06/1992,18.08
16/06/1992,15.22
15/06/1992,14.76
12/06/1992,14.95
11/06/1992,16.29
10/06/1992,16.62
09/06/1992,15.97
08/06/1992,15.19
05/06/1992,14.65
04/06/1992,13.66
03/06/1992,14.35
02/06/1992,14.57
01/06/1992,14.43
29/05/1992,13.86
28/05/1992,13.77
27/05/1992,13.99
26/05/1992,14.92
22/05/1992,13.73
21/05/1992,13.92
20/05/1992,13.62
19/05/1992,13.57
18/05/1992,14.62
15/05/1992,14.82
14/05/1992,15.49
13/05/1992,15.19
12/05/1992,15.68
11/05/1992,15.17
08/05/1992,15.65
07/05/1992,16.54
06/05/1992,16.81
05/05/1992,16.66
04/05/1992,16.92
01/05/1992,16.61
30/04/1992,15.53
29/04/1992,15.95
28/04/1992,16.24
27/04/1992,16.49
24/04/1992,15.71
23/04/1992,15.83
22/04/1992,15.96
21/04/1992,16.53
20/04/1992,15.93
16/04/1992,14.85
15/04/1992,15.15
14/04/1992,15.98
13/04/1992,16.99
10/04/1992,16.85
09/04/1992,17.89
08/04/1992,20.15
07/04/1992,18.81
06/04/1992,16.72
03/04/1992,16.72
02/04/1992,17.06
01/04/1992,16.48
31/03/1992,16.18
30/03/1992,15.97
27/03/1992,16.02
26/03/1992,16.29
25/03/1992,16.19
24/03/1992,16.32
23/03/1992,16.73
20/03/1992,16.82
19/03/1992,16.52
18/03/1992,16.69
17/03/1992,16.79
16/03/1992,18.46
13/03/1992,18.35
12/03/1992,19.72
11/03/1992,19.79
10/03/1992,18.68
09/03/1992,19.68
06/03/1992,19.75
05/03/1992,18.47
04/03/1992,17.89
03/03/1992,17.26
02/03/1992,16.88
28/02/1992,16.68
27/02/1992,16.51
26/02/1992,16.64
25/02/1992,16.35
24/02/1992,17.13
21/02/1992,16.87
20/02/1992,16.72
19/02/1992,17.16
18/02/1992,18.22
14/02/1992,17.03
13/02/1992,17.45
12/02/1992,17.37
11/02/1992,17.7
10/02/1992,18.56
07/02/1992,18.51
06/02/1992,18.79
05/02/1992,18.22
04/02/1992,17.96
03/02/1992,18.2
31/01/1992,17.4
30/01/1992,17.49
29/01/1992,17.62
28/01/1992,17.67
27/01/1992,16.67
24/01/1992,16.24
23/01/1992,16.46
22/01/1992,16.75
21/01/1992,17.92
20/01/1992,16.42
17/01/1992,16.32
16/01/1992,17.64
15/01/1992,17.39
14/01/1992,17.01
13/01/1992,18.01
10/01/1992,18.45
09/01/1992,18.96
08/01/1992,18.72
07/01/1992,19.23
06/01/1992,18.96
03/01/1992,18.75
02/01/1992,18.95
31/12/1991,19.31
30/12/1991,17.63
27/12/1991,15.7
26/12/1991,15.44
24/12/1991,15.67
23/12/1991,16.61
20/12/1991,17.65
19/12/1991,17.96
18/12/1991,17.78
17/12/1991,18.12
16/12/1991,17.62
13/12/1991,17.88
12/12/1991,19.08
11/12/1991,20.57
10/12/1991,19.89
09/12/1991,19.74
06/12/1991,19.04
05/12/1991,20.19
04/12/1991,19.54
03/12/1991,19.7
02/12/1991,20.18
29/11/1991,20.26
27/11/1991,19.84
26/11/1991,19.8
25/11/1991,21.92
22/11/1991,21.2
21/11/1991,19.11
20/11/1991,20.4
19/11/1991,20.34
18/11/1991,18.28
15/11/1991,21.18
14/11/1991,13.96
13/11/1991,13.95
12/11/1991,14.04
11/11/1991,14.89
08/11/1991,15.43
07/11/1991,15.97
06/11/1991,16.47
05/11/1991,16.48
04/11/1991,16.35
01/11/1991,15.6
31/10/1991,15.48
30/10/1991,15.46
29/10/1991,15.55
28/10/1991,15.45
25/10/1991,15.75
24/10/1991,15.62
23/10/1991,16.26
22/10/1991,16.55
21/10/1991,16.66
18/10/1991,15.87
17/10/1991,16.32
16/10/1991,14.85
15/10/1991,16.22
14/10/1991,16.71
11/10/1991,17.6
10/10/1991,17.8
09/10/1991,18.54
08/10/1991,17.81
07/10/1991,18.58
04/10/1991,15.63
03/10/1991,17.04
02/10/1991,15.81
01/10/1991,14.81
30/09/1991,15.85
27/09/1991,16.31
26/09/1991,15.35
25/09/1991,15.68
24/09/1991,16.04
23/09/1991,16.38
20/09/1991,17.08
19/09/1991,17.56
18/09/1991,17.56
17/09/1991,17.68
16/09/1991,17.82
13/09/1991,17.88
12/09/1991,16.21
11/09/1991,17.96
10/09/1991,18.22
09/09/1991,17.73
06/09/1991,16.76
05/09/1991,17.31
04/09/1991,17.18
03/09/1991,16.57
30/08/1991,14.46
29/08/1991,14.82
28/08/1991,15.31
27/08/1991,15.46
26/08/1991,14.81
23/08/1991,14.41
22/08/1991,14.59
21/08/1991,15.62
20/08/1991,18.86
19/08/1991,21.19
16/08/1991,16.01
15/08/1991,15.19
14/08/1991,15.09
13/08/1991,14.73
12/08/1991,15.26
09/08/1991,15.45
08/08/1991,15.98
07/08/1991,15.56
06/08/1991,15.54
05/08/1991,15.92
02/08/1991,15.26
01/08/1991,15.47
31/07/1991,15.18
30/07/1991,15.47
29/07/1991,15.67
26/07/1991,15.45
25/07/1991,15.74
24/07/1991,16.41
23/07/1991,16.58
22/07/1991,16.9
19/07/1991,15.5
18/07/1991,15.77
17/07/1991,17.52
16/07/1991,17.49
15/07/1991,17.78
12/07/1991,18.29
11/07/1991,17.39
10/07/1991,19.19
09/07/1991,19.76
08/07/1991,20.29
05/07/1991,18.35
03/07/1991,19.47
02/07/1991,17.63
01/07/1991,18.64
28/06/1991,19.55
27/06/1991,17.87
26/06/1991,17.98
25/06/1991,17.85
24/06/1991,18.28
21/06/1991,16.51
20/06/1991,16.75
19/06/1991,17.44
18/06/1991,16.14
17/06/1991,15.5
14/06/1991,15.98
13/06/1991,16.99
12/06/1991,17.72
11/06/1991,17.32
10/06/1991,17.47
07/06/1991,16.98
06/06/1991,16.93
05/06/1991,16.4
04/06/1991,16.17
03/06/1991,16.87
31/05/1991,15.93
30/05/1991,16.02
29/05/1991,15.9
28/05/1991,15.67
24/05/1991,15.23
23/05/1991,16.11
22/05/1991,16.16
21/05/1991,16.07
20/05/1991,17.1
17/05/1991,16.64
16/05/1991,17.24
15/05/1991,18.38
14/05/1991,18
13/05/1991,17.66
10/05/1991,17.54
09/05/1991,17.17
08/05/1991,17.78
07/05/1991,17.46
06/05/1991,17.92
03/05/1991,17.24
02/05/1991,17.52
01/05/1991,17.77
30/04/1991,18.24
29/04/1991,18.27
26/04/1991,17.27
25/04/1991,17.15
24/04/1991,16.72
23/04/1991,17.02
22/04/1991,16.78
19/04/1991,15.68
18/04/1991,16.26
17/04/1991,15.47
16/04/1991,15.82
15/04/1991,16.5
12/04/1991,18.45
11/04/1991,17.24
10/04/1991,19.73
09/04/1991,20.12
08/04/1991,17.41
05/04/1991,17.63
04/04/1991,18.01
03/04/1991,17.61
02/04/1991,17.4
01/04/1991,17.42
28/03/1991,16.88
27/03/1991,16.55
26/03/1991,16.31
25/03/1991,16.76
22/03/1991,16.49
21/03/1991,16.86
20/03/1991,16.04
19/03/1991,16.11
18/03/1991,15.79
15/03/1991,14.9
14/03/1991,14.94
13/03/1991,16.09
12/03/1991,18.82
11/03/1991,20.88
08/03/1991,20.81
07/03/1991,21.05
06/03/1991,20.55
05/03/1991,20.45
04/03/1991,20.86
28/02/1991,21.23
27/02/1991,21.26
26/02/1991,20.38
25/02/1991,22.86
22/02/1991,21.01
21/02/1991,20.78
20/02/1991,22.26
19/02/1991,19.84
15/02/1991,19.57
14/02/1991,21.48
13/02/1991,20.86
12/02/1991,22.26
11/02/1991,22.56
08/02/1991,23.38
07/02/1991,23.6
06/02/1991,22.68
05/02/1991,21.46
04/02/1991,21.86
01/02/1991,21.04
31/01/1991,20.91
30/01/1991,21.37
29/01/1991,23.17
28/01/1991,23.05
25/01/1991,22.2
24/01/1991,22.86
23/01/1991,23.92
22/01/1991,24.9
21/01/1991,24.33
18/01/1991,25.39
17/01/1991,27.45
16/01/1991,33.2
15/01/1991,36.16
14/01/1991,36.2
11/01/1991,32.63
10/01/1991,31.33
09/01/1991,33.3
08/01/1991,30.38
07/01/1991,28.95
04/01/1991,27.19
03/01/1991,27.93
02/01/1991,26.62
31/12/1990,26.38
28/12/1990,25.05
27/12/1990,24.81
26/12/1990,24.18
24/12/1990,24.03
21/12/1990,22.66
20/12/1990,23.13
19/12/1990,23.08
18/12/1990,23.11
17/12/1990,24.85
14/12/1990,23.85
13/12/1990,23.05
12/12/1990,21.28
11/12/1990,23.75
10/12/1990,23.58
07/12/1990,22.59
06/12/1990,22.62
05/12/1990,20.94
04/12/1990,22.03
03/12/1990,22.29
30/11/1990,22.16
29/11/1990,23.91
28/11/1990,22.96
27/11/1990,22.86
26/11/1990,22.76
23/11/1990,20.98
21/11/1990,21.09
20/11/1990,20.09
19/11/1990,20.95
16/11/1990,21.34
15/11/1990,22.57
14/11/1990,22.89
13/11/1990,24.58
12/11/1990,25.6
09/11/1990,26.96
08/11/1990,30.79
07/11/1990,30.87
06/11/1990,29.11
05/11/1990,29.85
02/11/1990,30.03
01/11/1990,30.25
31/10/1990,30.04
30/10/1990,30.52
29/10/1990,31.54
26/10/1990,30.75
25/10/1990,29.04
24/10/1990,28.28
23/10/1990,27.57
22/10/1990,27.27
19/10/1990,27.86
18/10/1990,29.6
17/10/1990,31.37
16/10/1990,31.45
15/10/1990,31.64
12/10/1990,31.94
11/10/1990,33.98
10/10/1990,31.19
09/10/1990,30.71
08/10/1990,28.04
05/10/1990,27.85
04/10/1990,27.51
03/10/1990,27.9
02/10/1990,27.28
01/10/1990,28.06
28/09/1990,29.11
27/09/1990,28.67
26/09/1990,28.19
25/09/1990,28.81
24/09/1990,30.56
21/09/1990,30.04
20/09/1990,28.66
19/09/1990,27.88
18/09/1990,28.82
17/09/1990,29.55
14/09/1990,30.56
13/09/1990,29.33
12/09/1990,28.12
11/09/1990,28.38
10/09/1990,29.34
07/09/1990,28.73
06/09/1990,30.19
05/09/1990,28.52
04/09/1990,29.58
31/08/1990,29.9
30/08/1990,29.89
29/08/1990,27.38
28/08/1990,29.12
27/08/1990,29.63
24/08/1990,33.93
23/08/1990,36.47
22/08/1990,30.55
21/08/1990,28.9
20/08/1990,26.46
17/08/1990,27.53
16/08/1990,27.16
15/08/1990,23.31
14/08/1990,24.18
13/08/1990,25.74
10/08/1990,25.75
09/08/1990,24.39
08/08/1990,28.27
07/08/1990,32.75
06/08/1990,35.91
03/08/1990,28.74
02/08/1990,20.43
01/08/1990,21.64
31/07/1990,21.11
30/07/1990,21.16
27/07/1990,21.12
26/07/1990,20.26
25/07/1990,20.19
24/07/1990,21.79
23/07/1990,23.68
20/07/1990,15.63
19/07/1990,18.56
18/07/1990,18.9
17/07/1990,16.66
16/07/1990,16.75
13/07/1990,17.09
12/07/1990,17.06
11/07/1990,16.68
10/07/1990,16.92
09/07/1990,16.66
06/07/1990,16.41
05/07/1990,17.25
03/07/1990,16.11
02/07/1990,16.26
29/06/1990,15.5
28/06/1990,16.18
27/06/1990,16
26/06/1990,16.29
25/06/1990,17.06
22/06/1990,19.36
21/06/1990,14.72
20/06/1990,15.27
19/06/1990,15.23
18/06/1990,17.71
15/06/1990,15.9
14/06/1990,17.4
13/06/1990,17.38
12/06/1990,16.6
11/06/1990,16.34
08/06/1990,17.58
07/06/1990,16.88
06/06/1990,17.42
05/06/1990,18.97
04/06/1990,18.39
01/06/1990,17.09
31/05/1990,17.37
30/05/1990,17.44
29/05/1990,18.75
25/05/1990,17.32
24/05/1990,17.7
23/05/1990,17.18
22/05/1990,17.84
21/05/1990,16.72
18/05/1990,17.2
17/05/1990,17.27
16/05/1990,17.71
15/05/1990,19.49
14/05/1990,20.14
11/05/1990,19.81
10/05/1990,18.59
09/05/1990,18.64
08/05/1990,18.49
07/05/1990,17.65
04/05/1990,17.28
03/05/1990,17.81
02/05/1990,19.32
01/05/1990,18.43
30/04/1990,19.52
27/04/1990,22.19
26/04/1990,20.25
25/04/1990,20.86
24/04/1990,21.7
23/04/1990,24.16
20/04/1990,23.33
19/04/1990,22.46
18/04/1990,22.67
17/04/1990,20.38
16/04/1990,20.75
12/04/1990,19.8
11/04/1990,17.73
10/04/1990,21.69
09/04/1990,22.3
06/04/1990,21.76
05/04/1990,21.21
04/04/1990,22.03
03/04/1990,20.44
02/04/1990,22.84
30/03/1990,19.73
29/03/1990,18.46
28/03/1990,19.77
27/03/1990,21.01
26/03/1990,19.59
23/03/1990,20.46
22/03/1990,22.74
21/03/1990,20.1
20/03/1990,19.06
19/03/1990,18.29
16/03/1990,17.62
15/03/1990,18.81
14/03/1990,19.65
13/03/1990,21.05
12/03/1990,20.07
09/03/1990,20.3
08/03/1990,19.74
07/03/1990,19.1
06/03/1990,20.55
05/03/1990,22.03
02/03/1990,21.34
01/03/1990,21.9
28/02/1990,21.99
27/02/1990,22.69
26/02/1990,23.56
23/02/1990,23.69
22/02/1990,22.54
21/02/1990,23.89
20/02/1990,22.78
16/02/1990,20.78
15/02/1990,19.71
14/02/1990,22.05
13/02/1990,23.76
12/02/1990,24.38
09/02/1990,23.69
08/02/1990,23.77
07/02/1990,24.29
06/02/1990,24.69
05/02/1990,24.54
02/02/1990,24.32
01/02/1990,24.87
31/01/1990,25.36
30/01/1990,27.25
29/01/1990,26.44
26/01/1990,26.28
25/01/1990,25.63
24/01/1990,25.39
23/01/1990,24.72
22/01/1990,26.7
19/01/1990,22.5
18/01/1990,24.34
17/01/1990,24.16
16/01/1990,24.18
15/01/1990,26.34
12/01/1990,24.64
11/01/1990,20.05
10/01/1990,22.44
09/01/1990,22.2
08/01/1990,20.26
05/01/1990,20.11
04/01/1990,19.22
03/01/1990,18.19
02/01/1990,17.24